ID,Nombre,Dirección,Número,districtCode,Colonia,Delegacion,altitude,nearbyStations/0,location/lat,location/lon,Tipo de estación,nearbyStations/1,nearbyStations/2,nearbyStations/3,nearbyStations/4,nearbyStations/5,punto_geo
1,1 RIO SENA-RIO BALSAS,001 - Río Sena-Río Balsas,S/N,CUA,Cuauhtémoc,Cuauhtémoc,,3,19.4335714,-99.1678091,"BIKE,TPV",8,85,,,,"19.4335714, -99.1678091"
2,2 RIO GUADALQUIVIR-RIO BALSAS,002 - Río Guadalquivir - Río Balsas,S/N,CUA,Cuauhtémoc,Cuauhtémoc,,1,19.431386,-99.171695,BIKE,5,,,,,"19.431386, -99.171695"
3,3 REFORMA-INSURGENTES,003 - Reforma - Insurgentes,S/N,1,Tabacalera,Cuauhtémoc,,8,19.431655,-99.158668,"BIKE,TPV",20,86,,,,"19.431655, -99.158668"
4,4 RIO NILO-RIO PANUCO,004 - Río Nilo - Río Panuco,S/N,CUA,Cuauhtémoc,Cuauhtémoc,,5,19.428309,-99.171713,BIKE,8,9,10,,,"19.428309, -99.171713"
5,5 RIO PANUCO-RIO TIBER,005 - Río Pánuco Río Tiber,S/N,CUA,Cuauhtémoc,Cuauhtémoc,,2,19.42972,-99.169363,BIKE,4,9,10,,,"19.42972, -99.169363"
6,6 RIO PANUCO-RIO SENA,006 - Río Pánuco - Río Sena,S/N,CUA,Cuauhtémoc,Cuauhtémoc,,1,19.430922,-99.166959,BIKE,3,5,10,,,"19.430922, -99.166959"
7,7 RIO ELBA-RIO LERMA,007 - Río Elba - Río Lerma,S/N,CUA,Cuauhtémoc,Cuauhtémoc,,13,19.425468,-99.175166,BIKE,14,21,28,,,"19.425468, -99.175166"
8,8 REFORMA-GENERAL PRIM,008 - Reforma - General Prim,S/N,TAB,Tabacalera,Cuauhtémoc,,3,19.431141,-99.158317,BIKE,20,86,,,,"19.431141, -99.158317"
9,9 RIO GUADALQUIVIR-RIO LERMA,009 - Río Guadalquivir - Río Lerma,S/N,CUA,Cuauhtémoc,Cuauhtémoc,,4,19.428009,-99.169918,BIKE,5,8,16,,,"19.428009, -99.169918"
10,10 REFORMA-RAMIREZ,010 - Reforma - Ramírez,S/N,TAB,Tabacalera,Cuauhtémoc,,26,19.433321,-99.154752,"BIKE,TPV",,,,,,"19.433321, -99.154752"
11,11 RIO AMAZONAS-RIO LERMA,011 - Río Amazonas - Rio Lerma,S/N,CUA,Cuauhtémoc,Cuauhtémoc,,3,19.430992,-99.163593,BIKE,12,19,,,,"19.430992, -99.163593"
12,12 RIO LERMA-VILLALONGIN,012 - Río Lerma - Villalongin,S/N,1,Cuauhtémoc,Cuauhtémoc,,11,19.432313,-99.161597,BIKE,19,20,85,,,"19.432313, -99.161597"
13,13 REFORMA-RIO MISSISSIPPI,013 - Reforma - Rio Mississippi,S/N,1,Juárez,Cuauhtémoc,,7,19.42502,-99.17231,"BIKE,TPV",14,21,,,,"19.42502, -99.17231"
14,14 REFORMA-RIO DE PLATA,014 - Reforma - Rio de Plata,S/N,CUA,Cuauhtémoc,Cuauhtémoc,,13,19.424768,-99.173261,BIKE,21,22,28,,,"19.424768, -99.173261"
15,15 REFORMA-RIO MISSISSIPPI,015 - Reforma - Rio Mississippi,S/N,CUA,Cuauhtémoc,Cuauhtémoc,,14,19.425477,-99.171567,"BIKE,TPV",16,22,23,,,"19.425477, -99.171567"
16,16 REFORMA-RÍO TIBER,016 - Reforma - Rio Tiber,S/N,1,Juárez,Cuauhtémoc,,9,19.427226,-99.168242,BIKE,23,24,,,,"19.427226, -99.168242"
17,17 REFORMA-RIO TIBER,017 - Reforma - Rio Tiber,S/N,1,Juárez,Cuauhtémoc,,16,19.427501,-99.167125,"BIKE,TPV",18,25,,,,"19.427501, -99.167125"
18,18 REFORMA-RIO RHIN,018 - Reforma - Río Rhin,S/N,CUA,Cuauhtémoc,Cuauhtémoc,,17,19.42888,-99.164176,"BIKE,TPV",25,,,,,"19.42888, -99.164176"
19,19 REFORMA-RIO RHIN,019 - Reforma - Río Rhin,S/N,1,Cuauhtémoc,Cuauhtémoc,,12,19.429241,-99.163377,"BIKE,TPV",20,27,,,,"19.429241, -99.163377"
20,20 REFORMA-RIO TAMESIS,020 - Reforma- Rio Tamesis,S/N,CUA,Cuauhtémoc,Cuauhtémoc,,12,19.430964,-99.160206,BIKE,19,27,,,,"19.430964, -99.160206"
21,21 REFORMA-DUBLIN,021 - Reforma - Dublin,S/N,1,Juárez,Cuauhtémoc,,7,19.42472,-99.17206,"BIKE,TPV",13,14,28,,,"19.42472, -99.17206"
22,22 REFORMA-MANCHESTER,022 - Reforma - Manchester,S/N,JUA,Juárez,Cuauhtémoc,,14,19.424375,-99.172575,"BIKE,TPV",15,23,28,,,"19.424375, -99.172575"
23,23 REFORMA-PRAGA,023 - Reforma - Praga,S/N,JUA,Juárez,Cuauhtémoc,,15,19.42517,-99.17105,BIKE,16,22,,,,"19.42517, -99.17105"
24,24 REFORMA-VARSOVIA,024 - Reforma- Varsovia,S/N,JUA,Juárez,Cuauhtémoc,,16,19.42647,-99.16822,"BIKE,TPV",23,,,,,"19.42647, -99.16822"
25,25 REFORMA-ESTOCOLMO,025 - Reforma - Estocolmo,S/N,JUA,Juárez,Cuauhtémoc,,17,19.427317,-99.166662,BIKE,18,,,,,"19.427317, -99.166662"
26,26 REFORMA-VERSALLES,026 - Reforma - Versalles,S/N,JUA,Juárez,Cuauhtémoc,,10,19.432685,-99.154726,"BIKE,TPV",,,,,,"19.432685, -99.154726"
27,27 REFORMA-HAVRE,027 - Reforma- Havre,S/N,JUA,Juárez,Cuauhtémoc,,19,19.429115,-99.162614,"BIKE,TPV",26,31,,,,"19.429115, -99.162614"
28,28 TOLEDO-TOKIO,028 - Toledo- Tokio,S/N,JUA,Juárez,Cuauhtémoc,,14,19.423542,-99.172494,BIKE,21,22,,,,"19.423542, -99.172494"
29,29 REFORMA-BUCARELI,029 - Reforma - Bucareli,S/N,CEN,Centro,Cuauhtémoc,,41,19.434913,-99.149939,"BIKE,TPV",,,,,,"19.434913, -99.149939"
30,30 HAMBURGO-GENOVA,030 - Hamburgo - Genova,S/N,JUA,Juárez,Cuauhtémoc,,26,19.426442,-99.164323,"BIKE,TPV",34,35,,,,"19.426442, -99.164323"
31,31 HAMBURGO-INSURGENTES,031 - Hamburgo - Insurgentes,S/N,JUA,Juárez,Cuauhtémoc,,19,19.427838,-99.161193,BIKE,27,30,,,,"19.427838, -99.161193"
32,32 LONDRES-SEVILLA,032 - Londres - Sevilla,S/N,JUA,Juárez,Cuauhtémoc,,22,19.422705,-99.169922,BIKE,38,39,,,,"19.422705, -99.169922"
33,E33 LONDRES-FLORENCIA,033 - Londres - Florencia,S/N,JUA,Juárez,Cuauhtémoc,,34,19.424234,-99.166431,ELECTRIC_BIKE,35,449,,,,"19.424234, -99.166431"
34,34 LIVERPOOL-GENOVA,034 - Liverpool - Genova,S/N,JUA,Juárez,Cuauhtémoc,,30,19.424725,-99.163331,BIKE,33,35,,,,"19.424725, -99.163331"
35,35 LIVERPOOL-GENOVA,035 - Liverpool - Genova,S/N,JUA,Juárez,Cuauhtémoc,,30,19.424674,-99.163292,"BIKE,TPV",34,40,,,,"19.424674, -99.163292"
36,36 PUEBLA-VERACRUZ,036 - Puebla - Veracruz,S/N,1,Roma Norte,Cuauhtémoc,,37,19.419725,-99.175778,"BIKE,TPV",41,44,,,,"19.419725, -99.175778"
37,37 GUADALAJARA-PUEBLA,037 - Guadalajara - Puebla,S/N,R-N,Roma Norte,Cuauhtémoc,,28,19.420419,-99.172676,BIKE,38,45,,,,"19.420419, -99.172676"
38,38 COZUMEL-PUEBLA,038 - Cozumel - PUEBLA,S/N,R-N,Roma Norte,Cuauhtémoc,,28,19.420801,-99.171407,BIKE,32,37,,,,"19.420801, -99.171407"
39,39 PUEBLA-MEDELLÍN,039 - Puebla - Medellín,S/N,R-N,Roma Norte,Cuauhtémoc,,33,19.421759,-99.16694,BIKE,42,48,,,,"19.421759, -99.16694"
40,40 OAXACA-PUEBLA,040 - Oaxaca - Puebla,S/N,R-N,Roma Norte,Cuauhtémoc,,35,19.42223,-99.164297,BIKE,42,,,,,"19.42223, -99.164297"
41,41 REFORMA-AV. DE LA REPUBLICA,041 - Reforma - Av. de la República,S/N,1,Tabacalera,Cuauhtémoc,,29,19.435637,-99.150137,"BIKE,TPV",,,,,,"19.435637, -99.150137"
42,42 SINALOA-VALLADOLID,042 - Sinaloa - Valladolid,S/N,R-N,Roma Norte,Cuauhtémoc,,39,19.420472,-99.168238,BIKE,47,48,51,,,"19.420472, -99.168238"
43,43 JUAREZ-REVILLAGIGEDO,043 - Revillagigedo - Juárez,S/N,CEN,Centro,Cuauhtémoc,,52,19.435228,-99.146063,"BIKE,TPV",82,,,,,"19.435228, -99.146063"
44,44 DURANGO-VERACRUZ,044 - Durango - Veracruz,S/N,R-N,Roma Norte,Cuauhtémoc,,36,19.418057,-99.174761,BIKE,41,49,50,,,"19.418057, -99.174761"
45,45 DURANGO-SONORA,045 - Durango - Sonora,S/N,R-N,Roma Norte,Cuauhtémoc,,37,19.418649,-99.172127,"BIKE,TPV",38,41,46,,,"19.418649, -99.172127"
46,46 DURANGO-SALAMANCA,046 - Durango - Salamanca,S/N,R-N,Roma Norte,Cuauhtémoc,,42,19.419214,-99.169732,BIKE,45,51,54,,,"19.419214, -99.169732"
47,47 GLORIETA CIBELES-OAXACA,047 - Glorieta Cibeles - Oaxaca,S/N,1,Roma Norte,Cuauhtémoc,,42,19.419515,-99.166299,"BIKE,TPV",51,56,,,,"19.419515, -99.166299"
48,48 INDEPENDENCIA-AZUETA,048 - Independencia - Azueta,S/N,CEN,Centro,Cuauhtémoc,,43,19.433686,-99.146557,BIKE,82,,,,,"19.433686, -99.146557"
49,49 MAZATLAN-JUAN DE LA BARRERA,049 - Mazatlán - Juan de la Barrera,S/N,CON,Condesa,Cuauhtémoc,,41,19.416712,-99.175704,BIKE,44,50,60,,,"19.416712, -99.175704"
50,50 CUERNAVACA-VERACRUZ,050 - Cuernavaca - Veracruz,S/N,CON,Condesa,Cuauhtémoc,,44,19.416938,-99.173648,BIKE,49,57,58,,,"19.416938, -99.173648"
51,51 COLIMA-OAXACA,051 - Colima - Oaxaca,S/N,R-N,Roma Norte,Cuauhtémoc,,46,19.417995,-99.168248,BIKE,47,55,58,,,"19.417995, -99.168248"
52,52 HIDALGO-TRUJANO,052 - Dolores - Juárez,S/N,CEN,Centro,Cuauhtémoc,,43,19.436236,-99.142039,"BIKE,TPV",,,,,,"19.436236, -99.142039"
53,53 FERNANDO MONTES DE OCA-TULA,053 - Fernando Montes de Oca - Tula,S/N,CON,Condesa,Cuauhtémoc,,52,19.414773,-99.178433,BIKE,60,65,66,,,"19.414773, -99.178433"
54,54 PARQUE ESPAÑA-SONORA,054 - Parque España - Sonora,S/N,CON,Condesa,Cuauhtémoc,,50,19.416215,-99.170825,"BIKE,TPV",51,58,63,,,"19.416215, -99.170825"
55,55 5 DE MAYO-BOLIVAR,055 - 5 de Mayo - Bolívar,S/N,1,Centro,Cuauhtémoc,,65,19.434356,-99.138064,"BIKE,TPV",87,88,,,,"19.434356, -99.138064"
56,56 ALVARO OBREGON-MEDELLIN,056 - Alvaro Obregón - Medellin,S/N,R-N,Roma Norte,Cuauhtémoc,,47,19.416959,-99.165702,BIKE,51,55,59,,,"19.416959, -99.165702"
57,57 CUERNAVACA-JUAN ESCUTIA,057 - Cuernavaca - Juan Escutia,S/N,1,Roma Sur,Cuauhtémoc,,48,19.414903,-99.17495,BIKE,49,50,62,,,"19.414903, -99.17495"
58,58 PARQUE ESPAÑA-JUAN DE LA BARRERA,058 - Parque España - Juan de la Barrera,S/N,CON,Condesa,Cuauhtémoc,,50,19.41568,-99.171793,BIKE,54,61,63,,,"19.41568, -99.171793"
59,59 POPOCATEPETL-AMSTERDAM,059 - Popocatépetl - Amsterdam,S/N,HIP,Hipódromo,Cuauhtémoc,,55,19.415121,-99.166661,BIKE,56,61,64,,,"19.415121, -99.166661"
60,60 MAZATLAN-FERNANDO MONTES DE OCA,060 - Mazatlán - Fernando Montes de Oca,S/N,CON,Condesa,Cuauhtémoc,,23,19.414191,-99.177123,BIKE,52,62,66,,,"19.414191, -99.177123"
61,61 AVENIDA MEXICO-SONORA,061 - Avenida México - Sonora,S/N,HIP,Hipódromo,Cuauhtémoc,,59,19.413742,-99.169525,"BIKE,TPV",63,64,70,,,"19.413742, -99.169525"
62,62 FERNANDO MONTES DE OCA-AMATLAN,062 - Fernando Montes de Oca - Amatlan,S/N,CON,Condesa,Cuauhtémoc,,67,19.413322,-99.175202,BIKE,71,74,,,,"19.413322, -99.175202"
63,63 NUEVO LEON- LAREDO,063 - Nuevo León - Laredo,S/N,1,Roma Sur,Cuauhtémoc,,70,19.413681,-99.171531,"BIKE,TPV",76,77,,,,"19.413681, -99.171531"
64,64 SONORA-AMSTERDAM,064 - Sonora - Amsterdam,S/N,HIP,Hipódromo,Cuauhtémoc,,59,19.412877,-99.166986,BIKE,61,69,,,,"19.412877, -99.166986"
65,65 MARCONI-TACUBA,065 - Marconi - Tacuba,S/N,CEN,Centro,Cuauhtémoc,,52,19.436142,-99.139906,"BIKE,TPV",55,,,,,"19.436142, -99.139906"
66,66 MAZATLAN-FRANCISCO MARQUEZ,066 - Mazatlán - Francisco Marquez,S/N,1,Roma Sur,Cuauhtémoc,,65,19.411402,-99.178666,BIKE,72,,,,,"19.411402, -99.178666"
67,67 VICENTE SUAREZ-MICHOACAN,067 - Vicente Suárez - Michoacan,S/N,CON,Condesa,Cuauhtémoc,,62,19.411797,-99.17588,BIKE,66,68,,,,"19.411797, -99.17588"
68,68 TAMAULIPAS-MICHOACAN,068 - Tamaulipas - Michoacan,S/N,CON,Condesa,Cuauhtémoc,,67,19.411556,-99.17406,"BIKE,TPV",71,74,,,,"19.411556, -99.17406"
69,69 MICHOACAN-AMSTERDAM,069 - Michoacán - Amsterdam,S/N,HIP,Hipódromo,Cuauhtémoc,,70,19.410733,-99.168111,BIKE,76,77,,,,"19.410733, -99.168111"
70,70 PARQUE MEXICO-MICHOACAN,070 - Parque México - Michoacan,S/N,1,Roma Sur,Cuauhtémoc,,69,19.411272,-99.169718,"BIKE,TPV",71,76,,,,"19.411272, -99.169718"
71,71 AMSTERDAM-MICHOACAN,071 - Amsterdam - Michoacan,S/N,HIP,Hipódromo,Cuauhtémoc,,70,19.411423,-99.171351,BIKE,74,76,,,,"19.411423, -99.171351"
72,72 MAZATLAN-ALFONSO REYES,072 - Mazatlán - Alfonso Reyes,S/N,1,Roma Sur,Cuauhtémoc,,65,19.409893,-99.179544,BIKE,66,75,,,,"19.409893, -99.179544"
73,73 CAMPECHE-TAMAULIPAS,073 - Campeche - Tamaulipas,S/N,H-C,Hipódromo Condesa,Cuauhtémoc,,67,19.410245,-99.175612,BIKE,68,75,,,,"19.410245, -99.175612"
74,74 NUEVO LEON-OZULAMA,074 - Nuevo León - Ozulama,S/N,1,Hipódromo,Cuauhtémoc,,63,19.410343,-99.172831,BIKE,68,71,,,,"19.410343, -99.172831"
75,75 ALFONSO REYES-ATLIXCO,075 - Alfonso Reyes - Atlixco,S/N,H-C,Hipódromo Condesa,Cuauhtémoc,,73,19.408722,-99.17669,BIKE,77,78,,,,"19.408722, -99.17669"
76,76 CHILPANCINGO-CAMPECHE,076 - Chilpancingo - Campeche,S/N,HIP,Hipódromo,Cuauhtémoc,,70,19.408736,-99.169913,BIKE,71,74,,,,"19.408736, -99.169913"
77,77 CHOAPAN-TAMAULIPAS,077 - Choapan - Tamaulipas,S/N,HIP,Hipódromo,Cuauhtémoc,,78,19.406765,-99.178321,BIKE,82,,,,,"19.406765, -99.178321"
78,78 BENJAMIN HILL-TAMAULIPAS,078 - Benjamín Hill - Tamaulipas,S/N,HIP,Hipódromo,Cuauhtémoc,,77,19.407503,-99.177382,"BIKE,TPV",82,,,,,"19.407503, -99.177382"
79,79 SALTILLO-ALFONSO REYES,079 - Saltillo - Alfonso Reyes,S/N,HIP,Hipódromo,Cuauhtémoc,,75,19.407534,-99.174427,BIKE,80,83,,,,"19.407534, -99.174427"
80,80 NUEVO LEON-AGUASCALIENTES,080 - Nuevo León - Aguascalientes,S/N,HIP,Hipódromo,Cuauhtémoc,,79,19.407307,-99.172118,BIKE,83,84,,,,"19.407307, -99.172118"
81,81 AGUASCALIENTES-INSURGENTES,081 - Aguascalientes - Insurgentes,S/N,HIP,Hipódromo,Cuauhtémoc,,76,19.408006,-99.168475,BIKE,84,,,,,"19.408006, -99.168475"
82,82 INDEPENDENCIA-MARROQUI,082 - Independencia - Marroquí,S/N,CEN,Centro,Cuauhtémoc,,43,19.433115,-99.143686,"BIKE,TPV",48,,,,,"19.433115, -99.143686"
83,83 NUEVO LEON-ALFONSO REYES,083 - Nuevo León - Alfonso Reyes,S/N,HIP,Hipódromo,Cuauhtémoc,,79,19.406296,-99.172117,"BIKE,TPV",80,,,,,"19.406296, -99.172117"
84,84 CHILPANCINGO-TLAXCALA,084 - Chilpancingo - Tlaxcala,S/N,HIP,Hipódromo,Cuauhtémoc,,81,19.40702,-99.169587,BIKE,83,,,,,"19.40702, -99.169587"
85,85 ROSAS MORENO-SULLIVAN,085 - Rosas Moreno - Sullivan,S/N,S-R,San Rafael,Cuauhtémoc,,1,19.43425,-99.162508,BIKE,3,12,,,,"19.43425, -99.162508"
86,86 SULLIVAN-INSURGENTES,086 - Sullivan-Insurgentes,S/N,1,San Rafael,Cuauhtémoc,,12,19.432378,-99.159077,"BIKE,TPV",20,,,,,"19.432378, -99.159077"
87,87 GANTE-VENUSTIANO CARRANZA,087 - Gante - Venustiano Carranza,S/N,CEN,Centro,Cuauhtémoc,,88,19.43182,-99.13974,"BIKE,TPV",95,96,,,,"19.43182, -99.13974"
88,88 2A CDA 5 DE MAYO-PALMA,088 - 2a Cerrada de 5 de Mayo - Palma,S/N,1,Centro,Cuauhtémoc,,55,19.433815,-99.135303,BIKE,89,,,,,"19.433815, -99.135303"
89,89 REPUBLICA DE GUATEMALA-MONTE DE PIEDAD,089 - República de Guatemala - Monte de Piedad,S/N,CEN,Centro,Cuauhtémoc,,88,19.434946,-99.133989,"BIKE,TPV",90,,,,,"19.434946, -99.133989"
90,90 JOSE MARIA PINO SUAREZ-CORREGIDORA,090 - José María Pino Suárez - Corregidora,S/N,CEN,Centro,Cuauhtémoc,,88,19.431698,-99.132446,"BIKE,TPV",89,,,,,"19.431698, -99.132446"
91,91 REPUBLICA DE CUBA-ALLENDE,091 - Republica de Cuba-Allende,S/N,CEN,Centro,Cuauhtémoc,,90,19.4374,-99.137571,BIKE,92,93,,,,"19.4374, -99.137571"
92,92 SAN ILDEFONSO-REPUBLICA DE ARGENTINA,092 - San Ildefonso-República de Argentina,S/N,CEN,Centro,Cuauhtémoc,,90,19.436531,-99.131497,BIKE,91,93,,,,"19.436531, -99.131497"
93,93 PALMA NORTE-REPUBLICA DE CUBA,093 - Palma Norte-Republica de Cuba,S/N,CEN,Centro,Cuauhtémoc,,90,19.436741,-99.134811,BIKE,91,92,,,,"19.436741, -99.134811"
94,94 LIC. VERDAD-MONEDA,94 - Lic. Verdad-Moneda,S/N,CEN,Centro,Cuauhtémoc,,94,19.433766,-99.130918,BIKE,,,,,,"19.433766, -99.130918"
95,95 20 DE NOVIEMBRE-VENUSTIANO CARRANZA,095 - 20 de Noviembre-Venustiano Carranza,S/N,CEN,Centro,Cuauhtémoc,,93,19.430722,-99.133698,BIKE,96,97,,,,"19.430722, -99.133698"
96,96 LOPEZ-AYUNTAMIENTO,096 - López-Ayuntamiento,S/N,CEN,Centro,Cuauhtémoc,,98,19.430625,-99.14248,BIKE,,,,,,"19.430625, -99.14248"
97,97 REPUBLICA DE SALVADOR-PINO SUAREZ,097 - Republica de Salvador-Pino Suarez,S/N,CEN,Centro,Cuauhtémoc,,90,19.429189,-99.132759,"BIKE,TPV",100,,,,,"19.429189, -99.132759"
98,98 EMILIO DONDE-AV. BALDERAS,098 - Emilio Dondé-Av. Balderas,S/N,CEN,Centro,Cuauhtémoc,,107,19.430267,-99.14861,BIKE,108,,,,,"19.430267, -99.14861"
99,99 ERNESTO PUGIBET-LUIS MOYA,99 - Ernesto Pugibet-Luis Moya,S/N,CEN,Centro,Cuauhtémoc,,96,19.42995,-99.14591,BIKE,98,122,,,,"19.42995, -99.14591"
100,100 20 DE NOVIEMBRE-MESONES,100 - 20 de Noviembre-Mesones,S/N,CEN,Centro,Cuauhtémoc,,95,19.428485,-99.1338,BIKE,97,101,,,,"19.428485, -99.1338"
101,101 1ER. CALLEJÓN DE MESONES-MESONES,1ER. CALLEJÓN DE MESONES - MESONES,S/N,CEN,Centro,Cuauhtémoc,,100,19.428366,-99.135895,BIKE,104,105,,,,"19.428366, -99.135895"
102,102 ECHEVESTE-BOLIVAR,102 - Echeveste-Bolivar,S/N,1,Centro,Cuauhtémoc,,101,19.42821,-99.13949,BIKE,104,109,,,,"19.42821, -99.13949"
103,103 JOAQUÍN VELÁZQUEZ DE LEÓN-GARCÍA ICAZBALCETA,103 JOAQUÍN VELÁZQUEZ DE LEÓN-GARCÍA ICAZBALCETA,s/n,S-R,San Rafael,Cuauhtémoc,,103,19.441669,-99.165217,BIKE,,,,,,"19.441669, -99.165217"
104,104 SAN JERONIMO-ISABEL LA CATOLICA,104 - San Jerónimo-Isabel la Católica,S/N,CUA,Cuauhtémoc,Cuauhtémoc,,101,19.427059,-99.137116,"BIKE,TPV",105,109,,,,"19.427059, -99.137116"
105,105 SAN JERONIMO-5 DE FEBRERO,105 - San Jerónimo-5 de Febrero,S/N,CEN,Centro,Cuauhtémoc,,101,19.426755,-99.135014,BIKE,104,106,,,,"19.426755, -99.135014"
106,106 SAN JERONIMO-JOSE MARIA PINO SUAREZ,106 - San Jerónimo-José María Pino Suarez,S/N,CEN,Centro,Cuauhtémoc,,100,19.42649,-99.133537,BIKE,101,105,,,,"19.42649, -99.133537"
107,107 TOLSA-BALDERAS,107 - Tolsa-Balderas,S/N,CEN,Centro,Cuauhtémoc,,98,19.427329,-99.149971,BIKE,108,122,,,,"19.427329, -99.149971"
108,E108 TOLSA-BALDERAS,108 - Tolsa-Balderas,S/N,CEN,Centro,Cuauhtémoc,,33,19.427305,-99.149533,ELECTRIC_BIKE,98,107,260,,,"19.427305, -99.149533"
109,109 NEZAHUALCOYOTL-ISABEL LA CATOLICA,109 - Nezahualcóyotl-Isabel la Católica,S/N,CEN,Centro,Cuauhtémoc,,104,19.425311,-99.137421,BIKE,105,106,,,,"19.425311, -99.137421"
110,110 DR. VALENZUELA-DR. RÍO DE LA LOZA,110 - Dr. Valenzuela-Dr. Río de la loza,S/N,1,Doctores,Cuauhtémoc,,107,19.42513,-99.14339,BIKE,108,122,,,,"19.42513, -99.14339"
111,111 GUILLERMO PRIETO-JOAQUÍN VELÁZQUEZ DE LEÓN,111 GUILLERMO PRIETO-JOAQUÍN VELÁZQUEZ DE LEÓN,S/N,1,San Rafael,Cuauhtémoc,,103,19.4382369,-99.1659465,BIKE,160,183,,,,"19.4382369, -99.1659465"
112,112 AV. MORELOS-ABRAHAM GONZALEZ,112 - Av. Morelos-Abraham González,S/N,1,Juárez,Cuauhtémoc,,98,19.432819,-99.151734,BIKE,113,114,,,,"19.432819, -99.151734"
113,113 GENERAL PRIM-VERSALLES,113 - General Prim-Versalles,S/N,JUA,Juárez,Cuauhtémoc,,114,19.430369,-99.154419,BIKE,116,119,,,,"19.430369, -99.154419"
114,114 LUCERNA-ABRAHAM GONZALEZ,114 - Lucerna-Abraham González,S/N,JUA,Juárez,Cuauhtémoc,,113,19.428989,-99.153618,BIKE,116,119,,,,"19.428989, -99.153618"
115,115 ROMA-DINAMARCA,115 - Roma-Dinamarca,S/N,JUA,Juárez,Cuauhtémoc,,116,19.429947,-99.159698,BIKE,117,118,,,,"19.429947, -99.159698"
116,116 LONDRES-ROMA,116 - Londres-Roma,S/N,JUA,Juárez,Cuauhtémoc,,115,19.428985,-99.15664,BIKE,118,199,,,,"19.428985, -99.15664"
117,117 LONDRES-NAPOLES,117 - Londres-Napoles,S/N,JUA,Juárez,Cuauhtémoc,,116,19.427132,-99.160369,BIKE,118,,,,,"19.427132, -99.160369"
118,118 LIVERPOOL-DINAMARCA,118 - Liverpool-Dinamarca,S/N,JUA,Juárez,Cuauhtémoc,,116,19.427114,-99.158251,BIKE,117,,,,,"19.427114, -99.158251"
119,119 TURÍN-ABRAHAM GONZÁLEZ,119 - Turín-Abraham González,S/N,JUA,Juárez,Cuauhtémoc,,114,19.42679,-99.15554,BIKE,118,125,,,,"19.42679, -99.15554"
120,120 MARSELLA-NAPOLES,120 - Marsella-Nápoles,S/N,JUA,Juárez,Cuauhtémoc,,117,19.425437,-99.159458,BIKE,118,121,,,,"19.425437, -99.159458"
121,121 NIZA-CHAPULTEPEC,121 - Niza-Chapultepec,S/N,JUA,Juárez,Cuauhtémoc,,117,19.424137,-99.161317,BIKE,128,,,,,"19.424137, -99.161317"
122,122 JOSE MARIA VERTIZ-AV.DR. RIO DE LA LOZA,122 - José María Vértiz-Av. Dr. Río de la Loza,S/N,DOC,Doctores,Cuauhtémoc,,99,19.425502,-99.146337,BIKE,108,110,,,,"19.425502, -99.146337"
123,123 CLAUDIO BERNARD-DR. LAVISTA,123 - Claudio Bernard-Dr. Lavista,S/N,1,Juárez,Cuauhtémoc,,124,19.424161,-99.153117,BIKE,125,133,,,,"19.424161, -99.153117"
124,124 CLAUDIO BERNARD-DR. LICEAGA,124 - Claudio Bernard-Dr. Liceaga,S/N,DOC,Doctores,Cuauhtémoc,,119,19.422392,-99.150358,BIKE,123,133,,,,"19.422392, -99.150358"
125,125 MORELIA-CIRCULAR DE MORELIA,125 - Morelia-Circular de Morelia,S/N,R-N,Roma Norte,Cuauhtémoc,,119,19.424541,-99.156204,BIKE,123,127,,,,"19.424541, -99.156204"
126,126 JALAPA-PUEBLA,126 - Jalapa-Puebla,S/N,R-N,Roma Norte,Cuauhtémoc,,121,19.422288,-99.162138,BIKE,128,129,,,,"19.422288, -99.162138"
127,127 PUEBLA-MERIDA,127 -  Puebla-Merida,S/N,R-N,Roma Norte,Cuauhtémoc,,125,19.423318,-99.15833,BIKE,128,130,,,,"19.423318, -99.15833"
128,128 ORIZABA-RIO DE JANEIRO,128 - Orizaba-Río de Janeiro,S/N,R-N,Roma Norte,Cuauhtémoc,,121,19.422148,-99.160645,"BIKE,TPV",126,127,,,,"19.422148, -99.160645"
129,129 TONALÁ-DURANGO,129 - Tonalá-Durango,S/N,R-N,Roma Norte,Cuauhtémoc,,126,19.4206,-99.163312,BIKE,128,131,,,,"19.4206, -99.163312"
130,130 MÉRIDA-DURANGO,130 - Mérida-Durango,S/N,R-N,Roma Norte,Cuauhtémoc,,127,19.421576,-99.158015,BIKE,132,133,,,,"19.421576, -99.158015"
131,131 COLIMA-JALAPA,131 - Colima-Jalapa,S/N,R-N,Roma Norte,Cuauhtémoc,,129,19.419579,-99.161314,BIKE,134,,,,,"19.419579, -99.161314"
132,132 COLIMA-FRONTERA,132 - Colima-Frontera,S/N,R-N,Roma Norte,Cuauhtémoc,,130,19.420667,-99.15645,BIKE,133,135,,,,"19.420667, -99.15645"
133,133 COLIMA-MORELIA,133 - Colima-Morelia,S/N,R-N,Roma Norte,Cuauhtémoc,,130,19.421138,-99.154725,BIKE,132,135,,,,"19.421138, -99.154725"
134,134 ÁLVARO OBREGÓN-ORIZABA,134 - Álvaro Obregón-Orizaba,S/N,R-N,Roma Norte,Cuauhtémoc,,131,19.418304,-99.15956,"BIKE,TPV",136,137,,,,"19.418304, -99.15956"
135,135 ÁLVARO OBREGÓN-MORELIA,135 - Álvaro Obregón-Morelia,S/N,R-N,Roma Norte,Cuauhtémoc,,132,19.419225,-99.155099,"BIKE,TPV",133,137,,,,"19.419225, -99.155099"
136,136 ÁLVARO OBREGÓN-TONALÁ,136 - Tonalá-Álvaro Obregón,S/N,R-N,Roma Norte,Cuauhtémoc,,136,19.417715,-99.162729,"BIKE,TPV",,,,,,"19.417715, -99.162729"
137,137 ÁLVARO OBREGÓN-MÉRIDA,137 - Álvaro Obregón-Mérida,S/N,R-N,Roma Norte,Cuauhtémoc,,132,19.418774,-99.157081,BIKE,135,138,,,,"19.418774, -99.157081"
138,138 GUANAJUATO-FRONTERA,138 - Guanajuato-Frontera,S/N,R-N,Roma Norte,Cuauhtémoc,,135,19.417702,-99.155313,BIKE,140,144,,,,"19.417702, -99.155313"
139,E139 TONALÁ-GUANJUATO,139 - Tonalá-Guanajuato,S/N,R-N,Roma Norte,Cuauhtémoc,,33,19.416128,-99.162097,ELECTRIC_BIKE,136,141,155,,,"19.416128, -99.162097"
140,140 MÉRIDA-ZACATECAS,140 - Mérida-Zacatecas,S/N,R-N,Roma Norte,Cuauhtémoc,,138,19.416605,-99.156853,BIKE,141,144,,,,"19.416605, -99.156853"
141,141 ZACATECAS-LUIS CABRERA,141 - Zacatecas-Luis Cabrera,S/N,R-N,Roma Norte,Cuauhtémoc,,139,19.415905,-99.15954,"BIKE,TPV",140,143,,,,"19.415905, -99.15954"
142,142 SAN LUIS POTOSI-EJE 2 PTE. MONTERREY,142 - San Luis Potosí-Eje 2 Pte. Monterrey,S/N,R-N,Roma Norte,Cuauhtémoc,,139,19.413232,-99.164121,BIKE,145,146,,,,"19.413232, -99.164121"
143,143 CÓRDOBA-SAN LUIS POTOSÍ,143 - Córdoba-San Luis Potosí,S/N,R-N,Roma Norte,Cuauhtémoc,,141,19.414303,-99.157542,BIKE,144,147,,,,"19.414303, -99.157542"
144,144 FRONTERA-SAN LUIS POTOSÍ,144 - Frontera-San Luis Potosí,S/N,R-N,Roma Norte,Cuauhtémoc,,140,19.415192,-99.154837,BIKE,143,148,,,,"19.415192, -99.154837"
145,145 EJE 2 SUR YUCATÁN-CHIAPAS,145 - Eje 2 Sur Yucatán-Chiapas,S/N,R-N,Roma Norte,Cuauhtémoc,,142,19.41286,-99.160661,BIKE,147,151,,,,"19.41286, -99.160661"
146,146 COAHUILA-MANZANILLO,146 - Coahuila-Manzanillo,S/N,R-N,Roma Norte,Cuauhtémoc,,150,19.410737,-99.165716,BIKE,152,153,,,,"19.410737, -99.165716"
147,147 COAHUILA-ORIZABA,147 - Coahuila-Orizaba,S/N,R-N,Roma Norte,Cuauhtémoc,,145,19.412182,-99.158443,BIKE,149,151,,,,"19.412182, -99.158443"
148,148 COAHUILA-AV.CUAUHTEMOC,148 - Coahuila-Av. Cuauhtémoc,S/N,R-N,Roma Norte,Cuauhtémoc,,143,19.412829,-99.155116,BIKE,147,149,,,,"19.412829, -99.155116"
149,149 MÉRIDA-ANTONIO ANZA,149 - Mérida-Antonio Anza,S/N,R-N,Roma Norte,Cuauhtémoc,,143,19.41199,-99.155699,BIKE,147,148,,,,"19.41199, -99.155699"
150,150 CAMPECHE-MEDELLÍN,150 - Campeche-Medellín,S/N,1,Roma Sur,Cuauhtémoc,,146,19.409965,-99.164292,BIKE,151,152,,,,"19.409965, -99.164292"
151,151 CAMPECHE-TONALÁ,151 - Campeche-Tonalá,S/N,ROM,Roma Sur,Cuauhtémoc,,145,19.410529,-99.160873,BIKE,147,155,,,,"19.410529, -99.160873"
152,152 TLACOTALPAN-CAMPECHE,152 - Tlacotalpan-Campecha,S/N,ROM,Roma Sur,Cuauhtémoc,,146,19.409098,-99.167181,"BIKE,TPV",150,157,,,,"19.409098, -99.167181"
153,153 MANZANILLO-TLAXCALA,153 - Manzanillo-Tlaxcala,S/N,ROM,Roma Sur,Cuauhtémoc,,154,19.407468,-99.165141,BIKE,157,161,,,,"19.407468, -99.165141"
154,154 TUXPAN-TLAXCALA,154 - Tuxpan-Tlaxcala,S/N,1,Roma Sur,Cuauhtémoc,,152,19.406683,-99.167962,"BIKE,TPV",153,157,,,,"19.406683, -99.167962"
155,E155 JALAPA-TLAXCALA,155 - Jalapa-Tlaxcala,S/N,ROM,Roma Sur,Cuauhtémoc,,139,19.408218,-99.159911,ELECTRIC_BIKE,147,151,,,,"19.408218, -99.159911"
156,156 TEPIC-AMENALCO,156 - Tepic-Amenalco,S/N,ROM,Roma Sur,Cuauhtémoc,,153,19.407121,-99.162202,BIKE,155,162,,,,"19.407121, -99.162202"
157,157 TEPIC-TLACOTALPAN,157 - Tepic-Tlacotalpan,S/N,ROM,Roma Sur,Cuauhtémoc,,153,19.406236,-99.166616,BIKE,154,161,,,,"19.406236, -99.166616"
158,158 HUATABAMPO-EJE 1PTE. CUAUHTÉMOC,158 - Huatabampo- Eje 1 Pte. Av. Cuauhtémoc,S/N,ROM,Roma Sur,Cuauhtémoc,,155,19.407447,-99.155717,"BIKE,TPV",159,163,,,,"19.407447, -99.155717"
159,159 HUATABAMPO-EJE 1 PTE. AV. CUAUHTÉMOC,159 - Huatabampo-Eje 1 Pte. Av. Cuauhtémoc,S/N,ROM,Roma Sur,Cuauhtémoc,,155,19.407517,-99.155373,BIKE,158,163,,,,"19.407517, -99.155373"
160,E160 ALFONSO HERRERA-GABINO BARRERA,160 - Alfonzo Herrera-Gabino Barrera,S/N,S-R,San Rafael,Cuauhtémoc,,103,19.44025,-99.16346,ELECTRIC_BIKE,174,257,,,,"19.44025, -99.16346"
161,161 QUINTANA ROO-MANZANILLO,161 - Quintana Roo-Manzanillo,S/N,ROM,Roma Sur,Cuauhtémoc,,153,19.405533,-99.164913,BIKE,157,162,,,,"19.405533, -99.164913"
162,162 TEHUANTEPEC-MEDELLÍN,162 - Tehuantepec-Medellín,S/N,ROM,Roma Sur,Cuauhtémoc,,161,19.404907,-99.162485,BIKE,165,,,,,"19.404907, -99.162485"
163,163 TOLUCA-BAJÍO,163 - Toluca-Bajío,S/N,ROM,Roma Sur,Cuauhtémoc,,158,19.405246,-99.156431,BIKE,159,165,,,,"19.405246, -99.156431"
164,164 BAJÍO-TLACOTALPAN,164 - Bajío-Tlacotalpan,S/N,ROM,Roma Sur,Cuauhtémoc,,157,19.403204,-99.16596,BIKE,161,162,,,,"19.403204, -99.16596"
165,165 BAJÍO-EJE 2 PTE. MONTERREY,165 - Bajío-Eje 2 Pte. Monterrey,S/N,ROM,Roma Sur,Cuauhtémoc,,162,19.404268,-99.160503,BIKE,163,,,,,"19.404268, -99.160503"
166,166 PROGRESO-CDA. ANTONIO MACEO,166 - Progreso-Cda. Antonio Maceo,S/N,ESC,Escandón,Miguel Hidalgo,,170,19.406069,-99.183549,BIKE,172,181,,,,"19.406069, -99.183549"
167,167 GENERAL SALVADOR ALVARADO-PROGRESO,167 - General Salvador Alvarado-Progreso,S/N,ESC,Escandón,Miguel Hidalgo,,168,19.404651,-99.179375,BIKE,172,178,,,,"19.404651, -99.179375"
168,168 COMERCIO-PROGRESO,168 - Comercio-Progreso,S/N,ESC,Escandón,Miguel Hidalgo,,167,19.403997,-99.1776,"BIKE,TPV",169,173,,,,"19.403997, -99.1776"
169,169 PROSPERIDAD-PROGRESO,169 - Prosperidad-Progreso,S/N,ESC,Escandón,Miguel Hidalgo,,168,19.403019,-99.174934,BIKE,170,175,,,,"19.403019, -99.174934"
170,170 OBSERVATORIO ORIENTE-REVOLUCIÓN,170 - Observatorio Oriente-Revolución,S/N,ESC,Escandón,Miguel Hidalgo,,166,19.404029,-99.184342,BIKE,167,172,,,,"19.404029, -99.184342"
171,171 COMERCIO-JOSE MARTÍ,171 - Comercio-Jose Martí,S/N,1,Escandón,Miguel Hidalgo,,167,19.402584,-99.178199,BIKE,168,173,,,,"19.402584, -99.178199"
172,172 GENERAL FRANCISCO MURGUIA-JOSE MARTÍ,172 - General Francisco Murguia-Jose Martí,S/N,ESC,Escandón,Miguel Hidalgo,,167,19.4034921,-99.1816002,BIKE,170,171,,,,"19.4034921, -99.1816002"
173,173 MINERÍA-JOSÉ MARTÍ,173 - Minería-Jose Martí,S/N,1,Escandón,Miguel Hidalgo,,168,19.401682,-99.176398,BIKE,169,171,,,,"19.401682, -99.176398"
174,174 JOAQUÍN GARCIA-IGNACIO MANUEL ALTAMIRANO,174 - Joaquín Garcia-Ignacio Manuel Altamirano,S/N,1,San Rafael,Cuauhtémoc,,160,19.44111,-99.16164,"BIKE,TPV",183,254,,,,"19.44111, -99.16164"
175,E175 MUTUALISMO-JOSÉ MARTí,175 - Mutualismo-José Martí,S/N,ESC,Escandón,Miguel Hidalgo,,173,19.400767,-99.172533,ELECTRIC_BIKE,182,300,,,,"19.400767, -99.172533"
176,176 AV. JESÜS GARCÏA-LUIS DONALDO COLOSIO,176-LUIS DONALDO COLOSIO - AV. JESÜS GARCÏA,S/N,BUE,Buenavista,Cuauhtémoc,,266,19.442689,-99.152286,BIKE,267,272,,,,"19.442689, -99.152286"
177,177 BENJAMIN HILL-CARLOS ZETINA,177 - BENJAMIN HILL-CARLOS ZETINA,S/N,H-C,Hipódromo Condesa,Cuauhtémoc,,176,19.408841,-99.181692,BIKE,178,190,,,,"19.408841, -99.181692"
178,178 TAMAULIPAS-FRANCISCO MURGUÍA,178 - Tamaulipas-Francisco Murguía,S/N,H-C,Hipódromo Condesa,Cuauhtémoc,,166,19.406833,-99.180457,"BIKE,TPV",167,177,,,,"19.406833, -99.180457"
179,179 NUEVO LEÓN-QUINTANA ROO,179 - Nuevo León-Quintana Roo,S/N,HIP,Hipódromo,Cuauhtémoc,,154,19.404452,-99.171438,BIKE,180,182,,,,"19.404452, -99.171438"
180,180 QUINTANA ROO-VILLA HERMOSA,180 - Quintana Roo-Villa Hermosa,S/N,HIP,Hipódromo,Cuauhtémoc,,154,19.404554,-99.169953,BIKE,179,182,,,,"19.404554, -99.169953"
181,181 BENJAMIN FRANKLIN-OMETUSCO,181 - Benjamin Franklin - Ometusco,S/N,1,Escandón,Miguel Hidalgo,,168,19.40472,-99.17448,BIKE,169,179,,,,"19.40472, -99.17448"
182,182 PROGRESO-ASTRONOMOS,182 - PROGRESO-ASTRONOMOS,S/N,HIP,Hipódromo,Cuauhtémoc,,175,19.402089,-99.17139,"BIKE,TPV",179,,,,,"19.402089, -99.17139"
183,183 GABINO BARRERA-GUILLERMO PRIETO,183 - Gabino Barrera-Guillermo Prieto,S/N,S-R,San Rafael,Cuauhtémoc,,160,19.43767,-99.16402,BIKE,174,255,,,,"19.43767, -99.16402"
184,184 GRAL GÓMEZ PEDRAZA-GOBERNADOR TIBURCIO M,184 - General Gómez Pedraza-Gobernador Tiburcio Montiel,S/N,SMC,San Miguel Chapultepec,Miguel Hidalgo,,185,19.41479,-99.18508,"BIKE,TPV",186,187,,,,"19.41479, -99.18508"
185,185 GRAL ANTONIO LÉON-GRAL PEDRO A DE LOS S.,185 - General Antonio Léon-General Pedro Antonio de los Santos,S/N,SMC,San Miguel Chapultepec,Miguel Hidalgo,,176,19.4128,-99.1828,BIKE,187,190,,,,"19.4128, -99.1828"
186,186 GREGORIO V GELATI-FRANCISCO MOLINOS DEL C,186 - Gregorio V. Gelati-Francisco Molinos del C.,S/N,SMC,San Miguel Chapultepec,Miguel Hidalgo,,187,19.4124291,-99.1885117,BIKE,188,189,,,,"19.4124291, -99.1885117"
187,187 GENERAL CANO-GOBERNADOR GREGORIO V GELATI,187 - Genral Cano-Gobernador Gregorio V. Gelati,S/N,SMC,San Miguel Chapultepec,Miguel Hidalgo,,176,19.41123,-99.18551,BIKE,189,190,,,,"19.41123, -99.18551"
188,188 GDOR MELCHOR MÚZQUIZ-GDOR IGNACIO ESTEVA,188 - Gobernador Melchor Múzquiz-Gobernador Ignacio Esteva,S/N,SMC,San Miguel Chapultepec,Miguel Hidalgo,,186,19.41171,-99.19014,"BIKE,TPV",187,189,,,,"19.41171, -99.19014"
189,189 GDOR RAFAEL REBOLLAR-GDOR JOSÉ CEBALLOS,189 - Gobernador Rafael Rebollar-Gobernador José Ceballos,S/N,SMC,San Miguel Chapultepec,Miguel Hidalgo,,186,19.41004,-99.18798,BIKE,187,188,,,,"19.41004, -99.18798"
190,E190 GDOR IGNACIO ESTEVA-MTRO JOSÉ VASCONCELOS,190 - Gobernador Ignacio Esteva-Maestro José Vasconcelos,S/N,SMC,San Miguel Chapultepec,Miguel Hidalgo,,33,19.409569,-99.183833,ELECTRIC_BIKE,187,189,449,,,"19.409569, -99.183833"
191,191 GDOR RAFAEL REBOLLAR-GDOR VICENTE EGUIA,191 - Gobernador Rafael Rebollar-Gobernador Vicente Eguia,S/N,SMC,San Miguel Chapultepec,Miguel Hidalgo,,176,19.4079,-99.18795,BIKE,189,190,,,,"19.4079, -99.18795"
192,192 RUBEN DARIO-REFORMA,192 - Rubén Darío-Reforma,S/N,CHA,Bosque de Chapultepec,Miguel Hidalgo,,193,19.42592,-99.190755,"BIKE,TPV",234,238,,,,"19.42592, -99.190755"
193,193 RUBEN DARIO-REFORMA,193 - Rubén Darío.Reforma,S/N,CHA,Bosque de Chapultepec,Miguel Hidalgo,,192,19.425907,-99.190733,BIKE,234,238,,,,"19.425907, -99.190733"
194,194 CTO MAHATMA GANDHI-AV. PASEO DE LA REFORMA,194 - Av. Paseo de la Reforma-Circuito Mahatma Gandhi,S/N,CHA,Bosque de Chapultepec,Miguel Hidalgo,,195,19.424282,-99.180334,"BIKE,TPV",253,261,,,,"19.424282, -99.180334"
195,195 AV. PASEO DE LA REFORMA-CTO MAHATMA GANDHI,195 - Circuito Mahatma Gandhi-Av. Paseo de la Reforma,S/N,CHA,Bosque de Chapultepec,Miguel Hidalgo,,194,19.424926,-99.185147,"BIKE,TPV",253,261,,,,"19.424926, -99.185147"
196,196 LAGO TANGANICA-AV. EJERCITO NACIONAL,196 - Lago Tanganica- Av. Ejército Nacional,S/N,POL,Ampliación Granada,Miguel Hidalgo,,204,19.438349,-99.192904,BIKE,244,245,,,,"19.438349, -99.192904"
197,197 MIGUEL DE CERVANTES-FC DE CUERNAVACA,197 - Miguel de Cervantes Saavedra-Ferrocarril de Cuernavaca,S/N,1,Lomas Virreyes,Miguel Hidalgo,,197,19.440077,-99.204316,"BIKE,TPV",,,,,,"19.440077, -99.204316"
198,198 SÓCRATES-EJERCITO NACIONAL,198 - Sócrates-Ejercito Nacional,S/N,POL,Polanco,Miguel Hidalgo,,240,19.438168,-99.203888,"BIKE,TPV",241,,,,,"19.438168, -99.203888"
199,199 ANATOLE FRANCE-AV. EJERCITO NACIONAL,199 - Anatole France-Av. Ejército Nacional,S/N,POL,Polanco,Miguel Hidalgo,,196,19.437934,-99.197241,BIKE,202,203,,,,"19.437934, -99.197241"
200,200 EMERSON-AV. EJERCITO NACIONAL,200 - Emerson-Av. Ejército Nacional,S/N,POL,Polanco,Miguel Hidalgo,,201,19.437596,-99.188785,BIKE,204,245,,,,"19.437596, -99.188785"
201,201 LOPE DE VEGA-EJERCITO NACIONAL,201 - Lope de Vega-Ejército Nacional,S/N,POL,Polanco,Miguel Hidalgo,,200,19.437431,-99.187215,BIKE,205,245,,,,"19.437431, -99.187215"
202,202 CALDERON DE LA BARCA-AV. HOMERO,202 - Calderón de la Barca-Av. Homero,S/N,POL,Polanco,Miguel Hidalgo,,199,19.43617,-99.198943,BIKE,206,215,,,,"19.43617, -99.198943"
203,203 TENNYSON-AV. HOMERO,203 - Tennyson-Av. Homero,S/N,POL,Polanco,Miguel Hidalgo,,196,19.435985,-99.194832,BIKE,204,210,,,,"19.435985, -99.194832"
204,204 TEMISTOCLES-HOMERO,204 - Temistocles-Homero,S/N,1,Polanco,Miguel Hidalgo,,196,19.435882,-99.19152,BIKE,200,245,,,,"19.435882, -99.19152"
205,205 TAINE-HOMERO,205 - Taine-Homero,S/N,POL,Polanco,Miguel Hidalgo,,201,19.435525,-99.184713,BIKE,207,217,,,,"19.435525, -99.184713"
206,206 MOLIERE-HOMERO,206 - Moliere-Homero,S/N,POL,Polanco,Miguel Hidalgo,,202,19.435798,-99.201419,"BIKE,TPV",214,215,,,,"19.435798, -99.201419"
207,207 TASSO-HOMERO,207 - Tasso-Homero,S/N,POL,Polanco,Miguel Hidalgo,,205,19.434861,-99.183322,BIKE,217,226,,,,"19.434861, -99.183322"
208,208 HESIODO-LAMARTINE,208 - Hesiodo-Lamartine,S/N,POL,Polanco,Miguel Hidalgo,,211,19.434182,-99.189835,BIKE,212,218,,,,"19.434182, -99.189835"
209,209 SOLON-HORACIO,209 - Solón-Horacio,S/N,POL,Polanco,Miguel Hidalgo,,213,19.435478,-99.206359,BIKE,214,219,,,,"19.435478, -99.206359"
210,210 EUGENIO SUE-HORACIO,210 Eugenio Sue-Horacio,S/N,POL,Polanco,Miguel Hidalgo,,203,19.434076,-99.194091,BIKE,204,216,,,,"19.434076, -99.194091"
211,211 NEWTON-HORACIO,211 - Newton-Horacio,S/N,POL,Polanco,Miguel Hidalgo,,208,19.433607,-99.188528,BIKE,212,218,,,,"19.433607, -99.188528"
212,212 HEGEL-HORACIO,212 - Hegel-Horacio,S/N,POL,Polanco,Miguel Hidalgo,,211,19.433567,-99.188096,"BIKE,TPV",218,224,,,,"19.433567, -99.188096"
213,213 SOLÓN-CICERÓN,213 - Solón-Cicerón,S/N,POL,Polanco,Miguel Hidalgo,,209,19.43432,-99.20632,BIKE,214,219,,,,"19.43432, -99.20632"
214,214 PLATÓN-HORACIO,214 - Platón-Horacio,S/N,POL,Polanco,Miguel Hidalgo,,206,19.434353,-99.20322,BIKE,209,215,,,,"19.434353, -99.20322"
215,215 EDGAR ALAN POE-HORACIO,215 - Edgar Alan Poe-Horacio,S/N,POL,Polanco,Miguel Hidalgo,,206,19.43384,-99.19968,BIKE,214,221,,,,"19.43384, -99.19968"
216,216 ALEJANDRO DUMAS-HORACIO,216 - Alejandro Dumas-Horacio,S/N,POL,Polanco,Miguel Hidalgo,,210,19.433419,-99.195746,"BIKE,TPV",222,,,,,"19.433419, -99.195746"
217,217 EULER-AV. HORACIO,217 - Euler-Horacio,S/N,POL,Polanco,Miguel Hidalgo,,207,19.432888,-99.183605,"BIKE,TPV",225,226,,,,"19.432888, -99.183605"
218,218 HEGEL-IBARBOUROU,218 - Hegel-Ibarbourou,S/N,POL,Polanco,Miguel Hidalgo,,211,19.432451,-99.188033,BIKE,212,224,,,,"19.432451, -99.188033"
219,219 ESOPO-FC DE CUERNAVACA,219 - Esopo-FC de Cuernavaca,S/N,POL,Polanco,Miguel Hidalgo,,213,19.433542,-99.207808,BIKE,220,227,,,,"19.433542, -99.207808"
220,220 PLINIO-PRESIDENTE MASARYK,220 - Plino-Presidente Masaryk,S/N,POL,Polanco,Miguel Hidalgo,,213,19.432655,-99.205727,BIKE,219,227,,,,"19.432655, -99.205727"
221,221 EMILIO CASTELAR-PRESIDENTE MASARYK,221 - Emilio Castelar-Presidente Masaryk,S/N,POL,Polanco,Miguel Hidalgo,,215,19.431799,-99.201565,"BIKE,TPV",230,231,,,,"19.431799, -99.201565"
222,E222 ALEJANDRO DUMAS-PRESIDENTE MASARYK,222 - Alejandro Dumas-Presidente Masarik,S/N,POL,Polanco,Miguel Hidalgo,,233,19.431417,-99.195774,ELECTRIC_BIKE,241,247,,,,"19.431417, -99.195774"
223,223 NEWTON-PRESIDENTE MASARYK,223 - Newton-Presidente Masarik,S/N,POL,Polanco,Miguel Hidalgo,,222,19.431242,-99.191613,"BIKE,TPV",224,231,,,,"19.431242, -99.191613"
224,224 HEGEL-PRESIDENTE MASARYK,224 - Hegel-Presidente Masaryk,S/N,POL,Polanco,Miguel Hidalgo,,212,19.431255,-99.188065,BIKE,218,225,,,,"19.431255, -99.188065"
225,225 PETRARCA-PRESIDENTE MASARYK,225 - Petrarca-Presidente Masaryk,S/N,POL,Polanco,Miguel Hidalgo,,224,19.431172,-99.185612,BIKE,226,232,,,,"19.431172, -99.185612"
226,226 WALLON-PRESIDENTE MASARYK,226 - Wallon-Presidente Masaryk,S/N,POL,Polanco,Miguel Hidalgo,,217,19.431033,-99.18222,BIKE,239,247,,,,"19.431033, -99.18222"
227,227 CAMPOS ELÍSEOS-PERIFÉRICO,227 - Campos Elíseos-Periférico,S/N,1,Polanco,Miguel Hidalgo,,213,19.431791,-99.207373,BIKE,219,220,,,,"19.431791, -99.207373"
228,228 CAMPOS ELÍSEOS-JEAN DE LA FONTAINE,228 - Campos Elíseos-Jean de La fontaine,S/N,POL,Polanco,Miguel Hidalgo,,230,19.427705,-99.19912,"BIKE,TPV",233,235,,,,"19.427705, -99.19912"
229,229 DICKENS-SENECA,229 - Dickens-Seneca,S/N,POL,Polanco,Miguel Hidalgo,,221,19.430515,-99.203331,BIKE,235,236,,,,"19.430515, -99.203331"
230,230 EDGAR ALAN POE-DICKENS,230 - Edgar Alan Poe-Dickens,S/N,POL,Polanco,Miguel Hidalgo,,221,19.430098,-99.200074,BIKE,235,236,,,,"19.430098, -99.200074"
231,231 NEWTON-ARISTOTELES,231 - Newton-Aristoteles,S/N,POL,Polanco,Miguel Hidalgo,,222,19.42977,-99.19349,BIKE,223,234,,,,"19.42977, -99.19349"
232,232 TAINE-RUBEN DARÍO,232 - Taine -  Rubén Darío,S/N,1,Polanco,Miguel Hidalgo,,224,19.42894,-99.185389,BIKE,225,226,,,,"19.42894, -99.185389"
233,233 JULIO VERNE-LUIS G. URBINA,233 - Julio Verne-Luis G. Urbina,S/N,POL,Polanco,Miguel Hidalgo,,222,19.429314,-99.196965,"BIKE,TPV",230,231,,,,"19.429314, -99.196965"
234,234 TRES PICOS-ARQUÍMIDES,234 - Tres Picos-Arquímides,S/N,1,Polanco,Miguel Hidalgo,,192,19.42783,-99.191539,BIKE,193,231,,,,"19.42783, -99.191539"
235,235 CAMPOS ELISEOS-MOLIERE,235 - Campos Eliseos-Moliere,S/N,POL,Polanco,Miguel Hidalgo,,229,19.42933,-99.20218,BIKE,230,236,,,,"19.42933, -99.20218"
236,236 CAMPOS ELISEOS-MOLIERE,236 - Campos Eliseos-Moliere,S/N,POL,Polanco,Miguel Hidalgo,,229,19.42944,-99.20243,BIKE,230,235,,,,"19.42944, -99.20243"
237,237 ANDRÉS BELLO-ELLIOT,237 - Andrés Bello-Elliot,S/N,1,Polanco,Miguel Hidalgo,,193,19.426744,-99.193986,"BIKE,TPV",234,238,,,,"19.426744, -99.193986"
238,238 ANDRÉS BELLO-ELLIOT,238 - Andrés Bello-Elliot,S/N,1,Polanco,Miguel Hidalgo,,193,19.426765,-99.193752,BIKE,234,237,,,,"19.426765, -99.193752"
239,239 RINCON DEL BOSQUE-RUBEN DARÍO,239 - Rincon del Bosque-Ruben Dario,S/N,POL,Polanco,Miguel Hidalgo,,226,19.430153,-99.181355,BIKE,247,250,,,,"19.430153, -99.181355"
240,240 EJERCITO NACIONAL-F.C. DE CUERNAVACA,204- Ejercito Nacional-F.C. de Cuernavaca,S/N,POL,Polanco,Miguel Hidalgo,,198,19.43855,-99.2063,"BIKE,TPV",241,,,,,"19.43855, -99.2063"
241,E241 EJERCITO NAL-JUAN VAZQUEZ DE LA MELLA,241 - Ejercito Nacional-Juan Vazquez de la Mella,S/N,POL,Polanco,Miguel Hidalgo,,222,19.43862,-99.20758,ELECTRIC_BIKE,460,,,,,"19.43862, -99.20758"
242,242 MIGUEL DE CERVANTES SAAVEDRA-PROL MOLIERE,242 - Miguel de Cervantes Saavedra-Pról. Moliere,S/N,GRA,Granada,Miguel Hidalgo,,198,19.440344,-99.20105,BIKE,199,243,,,,"19.440344, -99.20105"
243,243 MIGUEL DE CERVANTES SAAVEDRA-LAGO FILT,243 - Miguel de Cervantes Saavedra-Lago Filt,S/N,1,Granada,Miguel Hidalgo,,199,19.440839,-99.196712,BIKE,242,244,,,,"19.440839, -99.196712"
244,244 MIGUEL DE CERVANTES SAAVEDRA-LAGO VICTORIA,244 - Miguel de Cervantes Saavedra-Lago Victoria,S/N,GRA,Granada,Miguel Hidalgo,,196,19.440885,-99.193315,BIKE,243,245,,,,"19.440885, -99.193315"
245,245 LAGO ONEGA-AV. EJERCITO NACIONAL,245 - Lago Onega-Av. Ejército Nacional,S/N,GRA,Granada,Miguel Hidalgo,,196,19.43819,-99.19048,BIKE,200,201,,,,"19.43819, -99.19048"
246,246 LEIBNITZ-THIERS,246 - Leibnitz-Thiers,S/N,2,Anzures,Miguel Hidalgo,,207,19.434147,-99.179835,BIKE,247,248,,,,"19.434147, -99.179835"
247,E247 HERSCHEL-ROUSSEAU,247 - Herschel-Rousseau,S/N,2,Anzures,Miguel Hidalgo,,246,19.432276,-99.18064,ELECTRIC_BIKE,469,472,,,,"19.432276, -99.18064"
248,248 SHAKESPEARE-LAFAYETTE,248 - Shakespeare-Lafayette,S/N,1,Anzures,Miguel Hidalgo,,246,19.43175,-99.177399,BIKE,247,249,,,,"19.43175, -99.177399"
249,249 SHAKESPEARE-DARWIN,249 - Shakespeare-Darwin,S/N,2,Anzures,Miguel Hidalgo,,248,19.429877,-99.177569,BIKE,250,251,,,,"19.429877, -99.177569"
250,250 DARWIN-MARIANO ESCOBEDO,250 - Darwin-Mariano Escobedo,S/N,1,Anzures,Miguel Hidalgo,,239,19.429057,-99.17966,"BIKE,TPV",249,252,,,,"19.429057, -99.17966"
251,251 GOETHE-DARWIN,251 - Goethe-Darwin,S/N,2,Anzures,Miguel Hidalgo,,248,19.429261,-99.17538,BIKE,249,252,,,,"19.429261, -99.17538"
252,252 VICTOR HUGO-SHAKESPEARE,252 - Víctor Hugo-Shakespeare,S/N,2,Anzures,Miguel Hidalgo,,249,19.427575,-99.17702,BIKE,251,253,,,,"19.427575, -99.17702"
253,253 DANTE-TOLSTOI,253 - Dante-Tolstoi,S/N,1,Anzures,Miguel Hidalgo,,195,19.425835,-99.177924,"BIKE,TPV",252,261,,,,"19.425835, -99.177924"
254,254 ALFONSO HERRERA-MIGUEL SHULTZ,254 - Alfonso Herrera-Miguel Shultz,S/N,S-R,San Rafael,Cuauhtémoc,,160,19.43935,-99.16007,BIKE,174,256,,,,"19.43935, -99.16007"
255,255 JOSE ROSAS MORENO-GUILLERMO PRIETO,255-Jose Rosas Moreno-Guillermo Prieto,S/N,1,San Rafael,Cuauhtémoc,,160,19.437159,-99.161808,BIKE,183,257,,,,"19.437159, -99.161808"
256,256 GÓMEZ FARÍAS-SADI CARNOT,256 - Gómez Farías Sadi Carnot,S/N,S-R,San Rafael,Cuauhtémoc,,254,19.4372,-99.15816,BIKE,259,,,,,"19.4372, -99.15816"
257,E257 MANUEL MARIA CONTRERAS-VILLALONGIN,257 - Manuel Maria Contreras-Villalongin,S/N,S-R,San Rafael,Cuauhtémoc,,6,19.4338,-99.16622,ELECTRIC_BIKE,33,160,469,,,"19.4338, -99.16622"
258,258 CIRCUITO INTERIOR-JUAN ESCUTIA,258 - Circuito Interior-Juan Escutia,S/N,CON,Condesa,Cuauhtémoc,,36,19.4167,-99.1791,BIKE,49,53,,,,"19.4167, -99.1791"
259,259 TÓMAS ALVA EDISON-PONCIANO ARRIAGA,259 - Tómas Alva Edison-Ponciano Arriaga,S/N,1,Tabacalera,Cuauhtémoc,,256,19.43757,-99.15468,BIKE,,,,,,"19.43757, -99.15468"
260,E260 AV JUAREZ-BALDERAS,260 - Av. Juárez-Balderas,S/N,CEN,Centro,Cuauhtémoc,,29,19.435354,-99.147742,ELECTRIC_BIKE,33,41,108,,,"19.435354, -99.147742"
261,261 PASEO DE LA REFORMA - RÍO DE LA PLATA,261 Paseo de la Reforma-Río de la Plata,S/N,1,Juárez,Cuauhtémoc,,195,19.42495,-99.17246,BIKE,252,253,,,,"19.42495, -99.17246"
262,262 REPUBLICA DE CUBA-REPUBLICA DE BRASIL,262 - Republica de Cuba-Republica de Brasil,S/N,CEN,Centro,Cuauhtémoc,,91,19.43693,-99.13395,"BIKE,TPV",92,93,,,,"19.43693, -99.13395"
263,263 SADI CARNOT-GÓMEZ FARIAS,263 - Sadi Carnot - Gómez Farias,S/N,S-R,San Rafael,Cuauhtémoc,,85,19.436274,-99.158425,"BIKE,TPV",86,256,,,,"19.436274, -99.158425"
264,264 HÉROES FERROCARRILEROS-AV. CENTRAL,264 - H. Ferrocarrileros - Jesús Garcia,S/N,1,Buenavista,Cuauhtémoc,,265,19.440985,-99.152935,BIKE,266,268,,,,"19.440985, -99.152935"
265,265 HÉROES FERROCARRILEROS-JESÚS GARCIA,265 - Jesús Garcia-Héroes Ferrocarrileros,S/N,1,Buenavista,Cuauhtémoc,,264,19.440839,-99.152265,"BIKE,TPV",275,,,,,"19.440839, -99.152265"
266,266 AV. JESÚS GARCIA-CARLOS J. MENESES,266 - Av. Jesús Garcia -  Carlos J. Meneses,S/N,BUE,Buenavista,Cuauhtémoc,,267,19.444031,-99.152187,"BIKE,TPV",268,269,,,,"19.444031, -99.152187"
267,267 AV. JESÜS GARCÏA-CARLOS J. MENESES,267 - Carlos J. Meneses - Av. jesús García,S/N,BUE,Buenavista,Cuauhtémoc,,176,19.443735,-99.152203,BIKE,266,271,,,,"19.443735, -99.152203"
268,268 LUIS DONALDO COLOSIO-AV.JESÚS GARCÍA,268 Luis Donaldo Colosio - Av. Jesus Garcia,S/N,BUE,Buenavista,Cuauhtémoc,,176,19.442467,-99.151658,BIKE,269,273,,,,"19.442467, -99.151658"
269,269 LUIS DONALDO COLOSIO-ALDAMA,269 Luis Donaldo Colosio - Aldama,S/N,BUE,Buenavista,Cuauhtémoc,,176,19.442448,-99.151586,BIKE,268,273,,,,"19.442448, -99.151586"
270,270 DE LA REPUBLICA-PONCIANO ARRIAGA,270 - De la Republica-Ponciano Arriaga,S/N,TAB,Tabacalera,Cuauhtémoc,,270,19.43676,-99.15387,"BIKE,TPV",,,,,,"19.43676, -99.15387"
271,271 AV. CENTRAL-J. MENESES,271 Av. Jesús García - J. Meneses,S/N,1,Buenavista,Cuauhtémoc,,266,19.443928,-99.152525,BIKE,267,272,,,,"19.443928, -99.152525"
272,272 AV. CENTRAL-J. MENESES,271 Av. Jesus Garcia - J. Meneses,S/N,BUE,Buenavista,Cuauhtémoc,,266,19.443556,-99.152556,BIKE,267,271,,,,"19.443556, -99.152556"
273,273 LUIS DONALDO COLOSIO-AV. CENTRAL,273 Luis Donaldo Colosio - Av. Jesus Garcia,S/N,1,Buenavista,Cuauhtémoc,,176,19.442707,-99.152956,BIKE,268,274,,,,"19.442707, -99.152956"
274,274 LUIS DONALDO COLOSIO-AV INSURGENTES NORTE,274 Luis Donaldo Colosio - Av. Insurgentes Norte,S/N,BUE,Buenavista,Cuauhtémoc,,176,19.442772,-99.153289,BIKE,268,273,,,,"19.442772, -99.153289"
275,275 HÉROES FERROCARRILEROS-AV. INSURGENTES NORTE,275 Héroes Ferrocarrileros - Av. Jesús García,S/N,BUE,Buenavista,Cuauhtémoc,,264,19.441062,-99.153164,BIKE,265,,,,,"19.441062, -99.153164"
276,276 ANAXÁGORAS-OBRERO MUNDIAL,276 - Anaxágoras-Obrero Mundial,S/N,NAR,Narvarte Poniente,Benito Juárez,,277,19.401986,-99.156366,BIKE,280,281,,,,"19.401986, -99.156366"
277,277 AMPLIACIÓN TONALÁ-OBRERO MUNDIAL,277 - Ampliación Tonalá-Obrero Mundial,S/N,1,Piedad Narvarte,Benito Juárez,,165,19.401807,-99.15909,BIKE,276,280,,,,"19.401807, -99.15909"
278,278 MIER Y PESADO-OBRERO MUNDIAL,278 - Mier Y Pesado-Obrero Mundial,S/N,1,Del Valle Norte,Benito Juárez,,164,19.40071,-99.163831,BIKE,279,282,,,,"19.40071, -99.163831"
279,279 LA MORENA-PROVIDENCIA,279 - La Morena-Providencia,S/N,DVN,Del Valle Norte,Benito Juárez,,164,19.399908,-99.166553,BIKE,278,282,,,,"19.399908, -99.166553"
280,280 ANAXÁGORAS-OBRERO MUNDIAL,280 - Anaxágoras-Obrero Mundial,S/N,NAR,Narvarte Poniente,Benito Juárez,,276,19.4015,-99.156406,"BIKE,TPV",277,281,,,,"19.4015, -99.156406"
281,281 PITÁGORAS-LA MORENA,281 - Pitágoras-La Morena,S/N,NAR,Narvarte Poniente,Benito Juárez,,276,19.398532,-99.157308,BIKE,280,295,,,,"19.398532, -99.157308"
282,282 LA MORENA-EJE 2 PONIENTE GABRIEL MANCERA,282 - La Morena-Eje 2 Poniente Gabriel Mancera,S/N,DVN,Del Valle Norte,Benito Juárez,,278,19.398692,-99.161273,BIKE,293,294,,,,"19.398692, -99.161273"
283,283 AV. COYOACÁN-RAFAEL DONDE,283 - Av. Coyoacán-Rafael Donde,S/N,1,Del Valle Centro,Benito Juárez,,279,19.39827,-99.167383,BIKE,292,293,,,,"19.39827, -99.167383"
284,284 DAKOTA-VERMONT,284 - Dakota-Vermont,S/N,NAP,Nápoles,Benito Juárez,,289,19.397693,-99.172981,BIKE,290,291,,,,"19.397693, -99.172981"
285,285 12 DE OCTUBRE-MINERIA,285 - 12 De Octubre-Mineria,S/N,ESC,Escandón,Miguel Hidalgo,,171,19.3997946,-99.1775178,BIKE,173,286,,,,"19.3997946, -99.1775178"
286,286 13 DE SEPTIEMBRE-AVENIDA PATRIOTISMO,286 - 13 De Septiembre-Avenida Patriotismo,S/N,ESC,Escandón,Miguel Hidalgo,,171,19.399201,-99.179943,BIKE,285,287,,,,"19.399201, -99.179943"
287,287 13 DE SEPTIEMBRE-PUENTE DE LA MORENA,287 - 13 De Septiembre-Puente De La Morena,S/N,ESC,Escandón,Miguel Hidalgo,,286,19.398946,-99.183254,BIKE,288,311,,,,"19.398946, -99.183254"
288,288 11 DE ABRIL-AVENIDA 2,288 - 11 De Abril-Avenida 2,S/N,1,San Pedro de los Pinos,Benito Juárez,,287,19.396333,-99.183575,BIKE,310,311,,,,"19.396333, -99.183575"
289,289 CHICAGO-YOSEMITE,289 - Chicago-Yosemite,S/N,NAP,Nápoles,Benito Juárez,,284,19.397308,-99.174548,BIKE,290,304,,,,"19.397308, -99.174548"
290,290 YOSEMITE-COLORADO,290 - Yosemite-Colorado,S/N,NAP,Nápoles,Benito Juárez,,284,19.396333,-99.172667,BIKE,289,303,,,,"19.396333, -99.172667"
291,291 MAGDALENA-DIVISIÓN DEL NORTE,291 - Magdalena-División Del Norte,S/N,DVN,Del Valle Norte,Benito Juárez,,283,19.397651,-99.169946,BIKE,284,290,,,,"19.397651, -99.169946"
292,292 ADOLFO PRIETO-EJE 4 SUR XOLA,292 - Adolfo Prieto-Eje 4 Sur Xola,S/N,DVN,Del Valle Norte,Benito Juárez,,283,19.396917,-99.166264,BIKE,293,299,,,,"19.396917, -99.166264"
293,293 MIER Y PESADO-EJE 4 SUR XOLA,293 - Mier Y Pesado-Eje 4 Sur Xola,S/N,DVN,Del Valle Norte,Benito Juárez,,283,19.397373,-99.164598,"BIKE,TPV",292,294,,,,"19.397373, -99.164598"
294,294 NICOLÁS SAN JUAN-EJE 4 SUR XOLA,294 - Nicolás San Juan-Eje 4 Sur Xola,S/N,NAR,Narvarte Poniente,Benito Juárez,,282,19.396513,-99.160924,BIKE,295,298,,,,"19.396513, -99.160924"
295,295 ANAXÁGORAS-EJE 4 SUR XOLA,295 - Anaxágoras-Eje 4 Sur Xola,S/N,NAR,Narvarte Poniente,Benito Juárez,,281,19.396328,-99.156871,"BIKE,TPV",296,297,,,,"19.396328, -99.156871"
296,E296 DIAGONAL SAN ANTONIO-ENRIQUE RÉBSAMEN,296 - Diagonal San Antonio-Enrique Rébsamen,S/N,NAR,Narvarte Poniente,Benito Juárez,,295,19.394283,-99.158756,ELECTRIC_BIKE,297,300,,,,"19.394283, -99.158756"
297,297 DIAGONAL SAN ANTONIO-ENRIQUE RÉBSAMEN,297 - Diagonal San Antonio-Enrique Rébsamen,S/N,NAR,Narvarte Poniente,Benito Juárez,,295,19.394412,-99.158907,BIKE,296,320,,,,"19.394412, -99.158907"
298,298 ROMERO DE TERREROS-GABRIEL MANCERA,298 - Romero De Terreros-Gabriel Mancera,S/N,DVN,Del Valle Norte,Benito Juárez,,294,19.394073,-99.16214,BIKE,318,319,,,,"19.394073, -99.16214"
299,299 ROMERO DE TERREROS-MIER Y PESADO,299 - Romero De Terreros-Mier Y Pesado,S/N,DVN,Del Valle Norte,Benito Juárez,,292,19.394601,-99.165054,BIKE,298,318,,,,"19.394601, -99.165054"
300,E300 PROVIDENCIA -LUZ SAVIÑON,300 - Providencia -Luz Saviñon,S/N,DVN,Del Valle Norte,Benito Juárez,,296,19.393268,-99.168333,ELECTRIC_BIKE,301,302,,,,"19.393268, -99.168333"
301,301 LUZ SAVIÑÓN-MAGDALENA,301 - Luz Saviñón-Magdalena,S/N,DVN,Del Valle Norte,Benito Juárez,,300,19.393807,-99.171133,BIKE,302,316,,,,"19.393807, -99.171133"
302,302 LUZ SAVIÑON-MAGDALENA,302 - Luz Saviñon-Magdalena,S/N,DVN,Del Valle Norte,Benito Juárez,,301,19.393832,-99.171466,BIKE,303,304,,,,"19.393832, -99.171466"
303,303 MONTESITO-AV. INSURGENTES,303 - Montesito-Av. Insurgentes,S/N,NAP,Nápoles,Benito Juárez,,301,19.394842,-99.173025,"BIKE,TPV",302,304,,,,"19.394842, -99.173025"
304,304 MONTESITO-DAKOTA,304 - Montesito-Dakota,S/N,NAP,Nápoles,Benito Juárez,,290,19.395043,-99.173821,BIKE,303,305,,,,"19.395043, -99.173821"
305,305 AVENIDA DEL PARQUE-ARIZONA,305 - Avenida Del Parque-Arizona,S/N,1,Nápoles,Benito Juárez,,304,19.394693,-99.175531,"BIKE,TPV",306,307,,,,"19.394693, -99.175531"
306,306 DAKOTA-FILADELFIA,306 - Dakota-Filadelfia,S/N,NAP,Nápoles,Benito Juárez,,305,19.393699,-99.175664,"BIKE,TPV",307,308,,,,"19.393699, -99.175664"
307,307 MINESOTA-DAKOTA,307 - Minesota-Dakota,S/N,NAP,Nápoles,Benito Juárez,,305,19.393701,-99.175834,BIKE,306,308,,,,"19.393701, -99.175834"
308,308 NUEVA YORK-ARIZONA,308 - Nueva York-Arizona,S/N,1,Nápoles,Benito Juárez,,306,19.393594,-99.178072,BIKE,307,309,,,,"19.393594, -99.178072"
309,309 PENNSYLVANIA-ARIZONA,309 - Pennsylvania-Arizona,S/N,NAP,Nápoles,Benito Juárez,,308,19.393162,-99.17956,BIKE,310,313,,,,"19.393162, -99.17956"
310,310 CALLE 1-AV. PATRIOTISMO,310 - Calle 1-Av. Patriotismo,S/N,1,San Pedro de los Pinos,Benito Juárez,,309,19.395319,-99.181733,BIKE,311,312,,,,"19.395319, -99.181733"
311,311 CALLE 5-AVENIDA REVOLUCIÓN,311 - Calle 5-Avenida Revolución,S/N,1,Nápoles,Benito Juárez,,310,19.393665,-99.185391,BIKE,312,328,,,,"19.393665, -99.185391"
312,312 AVENIDA 2-CALLE 7,312 - Avenida 2-Calle 7,S/N,SPP,San Pedro de los Pinos,Benito Juárez,,310,19.392634,-99.183737,"BIKE,TPV",311,328,,,,"19.392634, -99.183737"
313,313 PENNSYLVANIA-OKLAHOMA,313 - Pennsylvania-Oklahoma,S/N,1,Nápoles,Benito Juárez,,308,19.391431,-99.178989,BIKE,309,314,,,,"19.391431, -99.178989"
314,314 NUERVA YORK-LOUISIANA,314 - Nuerva York-Louisiana,S/N,NAP,Nápoles,Benito Juárez,,307,19.391647,-99.177331,BIKE,313,327,,,,"19.391647, -99.177331"
315,315 ALABAMA-MONTANA,315 - Alabama-Montana,S/N,NAP,Nápoles,Benito Juárez,,301,19.391472,-99.1736,BIKE,302,316,,,,"19.391472, -99.1736"
316,316 SAN FRANCISCO-CONCEPCIÓN BEISTEGUI,316 - San Francisco-Concepción Beistegui,S/N,DVN,Del Valle Norte,Benito Juárez,,301,19.391056,-99.1712,BIKE,302,315,,,,"19.391056, -99.1712"
317,317 AVENIDA COYOACÁN-TORRES ADALID,317 - Avenida Coyoacán-Torres Adalid,S/N,DVN,Del Valle Norte,Benito Juárez,,299,19.391456,-99.166157,"BIKE,TPV",300,318,,,,"19.391456, -99.166157"
318,318 LUZ SAVIÑÓN-AMORES,318 - Luz Saviñón-Amores,S/N,DVN,Del Valle Norte,Benito Juárez,,299,19.392249,-99.164127,BIKE,317,319,,,,"19.392249, -99.164127"
319,319 DIAGONAL SAN ANTONIO-LUZ SAVIÑON,319 - Diagonal San Antonio-Luz Saviñon,S/N,DVN,Del Valle Norte,Benito Juárez,,298,19.391991,-99.162684,BIKE,318,320,,,,"19.391991, -99.162684"
320,320 ENRIQUE RÉBSAMEN-LUZ SAVIÑON,320 - Enrique Rébsamen-Luz Saviñon,S/N,NAR,Narvarte Poniente,Benito Juárez,,296,19.391323,-99.15936,BIKE,297,319,,,,"19.391323, -99.15936"
321,321 TORRES ADALID-ANAXÁGORAS,321 - Torres Adalid-Anaxágoras,S/N,1,Narvarte Poniente,Benito Juárez,,320,19.389477,-99.157513,BIKE,322,340,,,,"19.389477, -99.157513"
322,322 HERIBERTO FRÍAS-CONCEPCIÓN BEISTEGUI,322 - Heriberto Frías-Concepción Beistegui,S/N,1,Narvarte Poniente,Benito Juárez,,321,19.388528,-99.160616,BIKE,323,339,,,,"19.388528, -99.160616"
323,323 CONCEPCIÓN BEISTEGUI-GABRIEL MANCERA,323 - Concepción Beistegui-Gabriel Mancera,S/N,DVN,Del Valle Norte,Benito Juárez,,319,19.389026,-99.163403,BIKE,322,324,,,,"19.389026, -99.163403"
324,324 AMORES-AVENIDA EUGENIA,324 - Amores-Avenida Eugenia,S/N,DVC,Del Valle Centro,Benito Juárez,,323,19.3872468,-99.1656554,BIKE,336,337,,,,"19.3872468, -99.1656554"
325,325 PROVIDENCIA -AVENIDA DEL VALLE,325 - Providencia -Avenida Del Valle,S/N,1,Narvarte Poniente,Benito Juárez,,316,19.3881779,-99.1696894,BIKE,335,336,,,,"19.3881779, -99.1696894"
326,326 EUGENIA-NEBRASKA,326 - Eugenia-Nebraska,S/N,AMN,Ampliación Nápoles,Benito Juárez,,327,19.388978,-99.174811,BIKE,334,335,,,,"19.388978, -99.174811"
327,E327 GEORGIA -PENNSYLVANIA,327 - Georgia -Pennsylvania,S/N,NAP,Nápoles,Benito Juárez,,300,19.38885,-99.17772,ELECTRIC_BIKE,314,326,,,,"19.38885, -99.17772"
328,328 AVENIDA 1-CALLE 7,328 - Avenida 1-Calle 7,S/N,SPP,San Pedro de los Pinos,Benito Juárez,,311,19.392586,-99.184742,BIKE,312,329,,,,"19.392586, -99.184742"
329,329 CALLE 13-AVENIDA 1,329 - Calle 13-Avenida 1,S/N,SPP,San Pedro de los Pinos,Benito Juárez,,312,19.390306,-99.184812,BIKE,328,330,,,,"19.390306, -99.184812"
330,330 CALLE 15-AVENIDA PATRIOTISMO,330 - Calle 15-Avenida Patriotismo,S/N,SPP,San Pedro de los Pinos,Benito Juárez,,329,19.389358,-99.182606,BIKE,331,332,,,,"19.389358, -99.182606"
331,331 AVENIDA 2-CALLE 17,331 - Avenida 2-Calle 17,S/N,SPP,San Pedro de los Pinos,Benito Juárez,,329,19.388547,-99.183971,BIKE,330,332,,,,"19.388547, -99.183971"
332,332 SUR DE CALLE 27-AVENIDA 3,332 - Sur De Calle 27-Avenida 3,S/N,SPP,San Pedro de los Pinos,Benito Juárez,,330,19.385508,-99.183809,BIKE,331,333,,,,"19.385508, -99.183809"
333,333 GEORGIA -CAROLINA,333 - Georgia -Carolina,S/N,NAP,Nápoles,Benito Juárez,,330,19.387624,-99.180978,BIKE,332,349,,,,"19.387624, -99.180978"
334,334 NUEVA YORK-AV. INSURGENTES,334 - Nuerva York-Av. Insurgentes,S/N,AMN,Ampliación Nápoles,Benito Juárez,,326,19.386568,-99.175089,BIKE,335,346,,,,"19.386568, -99.175089"
335,335 MAGDALENA-AMEYALCO,335 - Magdalena-Ameyalco,S/N,DVC,Del Valle Centro,Benito Juárez,,326,19.387003,-99.173504,BIKE,334,346,,,,"19.387003, -99.173504"
336,336 SAN BORJA-CDA. BARTOLOCHE,336 - San Borja-Cda. Bartoloche,S/N,DVC,Del Valle Centro,Benito Juárez,,325,19.385531,-99.169673,BIKE,337,345,,,,"19.385531, -99.169673"
337,337 SAN BORJA-MARTÍN MENLALDE,337 - San Borja-Martín Menlalde,S/N,DVC,Del Valle Centro,Benito Juárez,,324,19.384849,-99.16704,"BIKE,TPV",336,338,,,,"19.384849, -99.16704"
338,338 NICOLAS SAN JUAN-SAN BORJA,338 - Nicolas San Juan-San Borja,S/N,DVC,Del Valle Centro,Benito Juárez,,324,19.384249,-99.163273,BIKE,336,337,,,,"19.384249, -99.163273"
339,339 ENRIQUE RÉBSAMEN-AVENIDA EUGENIA,339 - Enrique Rébsamen-Avenida Eugenia,S/N,NAR,Narvarte Poniente,Benito Juárez,,322,19.386032,-99.160548,BIKE,340,343,,,,"19.386032, -99.160548"
340,340 ANAXÁGORAS-AVENIDA EUGENIA,340 - Anaxágoras-Avenida Eugenia,S/N,NAR,Narvarte Poniente,Benito Juárez,,339,19.385571,-99.158188,"BIKE,TPV",341,343,,,,"19.385571, -99.158188"
341,341 SAN BORJA-AVENIDA CUAUHTEMOC,341 - San Borja-Avenida Cuauhtemoc,S/N,NAR,Narvarte Poniente,Benito Juárez,,340,19.382851,-99.158204,BIKE,343,364,,,,"19.382851, -99.158204"
342,342 ANAXÁGORAS-ANGEL URRAZA EJE 6 SUR,342 - Anaxágoras-Angel Urraza Eje 6 Sur,S/N,NAR,Narvarte Poniente,Benito Juárez,,341,19.381076,-99.159455,BIKE,344,359,,,,"19.381076, -99.159455"
343,343 ENRIQUE RÉBSAMEN-DIVISIÓN DEL NORTE,343 - Enrique Rébsamen-División Del Norte,S/N,DVC,Del Valle Centro,Benito Juárez,,338,19.384099,-99.160826,BIKE,341,344,,,,"19.384099, -99.160826"
344,344 HERIBERTO FRÍAS-ANGEL URRAZA EJE 6 SUR,344 - Heriberto Frías-Angel Urraza Eje 6 Sur,S/N,DVC,Del Valle Centro,Benito Juárez,,338,19.382107,-99.162243,BIKE,343,358,,,,"19.382107, -99.162243"
345,345 MIRAFLORES-PATRICIO SANZ,345 - Miraflores-Patricio Sanz,S/N,ISB,Insurgentes San Borja,Benito Juárez,,334,19.384498,-99.172223,BIKE,335,346,,,,"19.384498, -99.172223"
346,346 SAN FRANCISCO-SANTA MARGARITA,346 - San Francisco-Santa Margarita,S/N,ISB,Insurgentes San Borja,Benito Juárez,,334,19.385019,-99.174077,BIKE,335,345,,,,"19.385019, -99.174077"
347,347 PENNSYLVANIA-MAXIMINO AVILA CAMACHO,347 - Pennsylvania-Maximino Avila Camacho,S/N,1,Nápoles,Benito Juárez,,334,19.384378,-99.176097,"BIKE,TPV",346,348,,,,"19.384378, -99.176097"
348,348 INDIANA-AVENIDA SAN ANTONIO,348 - Indiana-Avenida San Antonio,S/N,CDD,Ciudad de los Deportes,Benito Juárez,,347,19.385365,-99.178216,BIKE,349,350,,,,"19.385365, -99.178216"
349,349 AUGUSTO RODIN-AVENIDA SAN ANTONIO,349 - Augusto Rodin-Avenida San Antonio,S/N,AMN,Ampliación Nápoles,Benito Juárez,,332,19.385688,-99.180857,BIKE,348,350,,,,"19.385688, -99.180857"
350,350 JOSE CLEMENTE OROZCO-CORREGGIO,350 - Jose Clemente Orozco-Correggio,S/N,1,Ciudad de los Deportes,Benito Juárez,,349,19.384062,-99.181482,BIKE,352,,,,,"19.384062, -99.181482"
351,351 CALLE 27-AVENIDA REVOLUCIÓN,351 - Calle 27-Avenida Revolución,S/N,SPP,San Pedro de los Pinos,Benito Juárez,,332,19.385751,-99.186297,BIKE,352,364,,,,"19.385751, -99.186297"
352,352 TINTORETO-GIORGINE,352 - Tintoreto-Giorgine,S/N,SMN,Nonoalco,Benito Juárez,,351,19.384114,-99.185447,"BIKE,TPV",364,365,,,,"19.384114, -99.185447"
353,353 CAROLINA-HOLBEIN,353 - Carolina-Holbein,S/N,CDD,Ciudad de los Deportes,Benito Juárez,,354,19.382168,-99.178808,"BIKE,TPV",361,362,,,,"19.382168, -99.178808"
354,354 BOSTON-AV. INSURGENTES,354 - Boston-Av. Insurgentes,S/N,NBU,Noche Buena,Benito Juárez,,353,19.381665,-99.176685,BIKE,361,369,,,,"19.381665, -99.176685"
355,355 CALIFORNIA-SACRAMENTO,355 - California-Sacramento,S/N,ISB,Insurgentes San Borja,Benito Juárez,,345,19.38205,-99.173291,BIKE,361,,,,,"19.38205, -99.173291"
356,356 MATIAS ROMERO -ADOLFO PRIETO,356 - Matias Romero -Adolfo Prieto,S/N,1,Del Valle Centro,Benito Juárez,,355,19.381292,-99.170171,BIKE,357,372,,,,"19.381292, -99.170171"
357,357 MATIAS ROMERO -AMORES,357 - Matias Romero -Amores,S/N,DVC,Del Valle Centro,Benito Juárez,,356,19.380598,-99.1669248,BIKE,358,373,,,,"19.380598, -99.1669248"
358,358 NICOLAS SAN JUAN-MATIAS ROMERO,358 - Nicolas San Juan-Matias Romero,S/N,DVC,Del Valle Centro,Benito Juárez,,357,19.380168,-99.164222,BIKE,360,373,,,,"19.380168, -99.164222"
359,359 MATIAS ROMERO -PESTALLOZZI,359 - Matias Romero -Pestallozzi,S/N,DVC,Del Valle Centro,Benito Juárez,,342,19.379269,-99.161169,"BIKE,TPV",360,374,,,,"19.379269, -99.161169"
360,E360 HERIBERTO FRÍAS-MATIAS ROMERO,360 - Heriberto Frías-Matias Romero,S/N,DVC,Del Valle Centro,Benito Juárez,,300,19.3790279,-99.1628259,ELECTRIC_BIKE,358,359,391,,,"19.3790279, -99.1628259"
361,361 PORFIRIO DÍAZ-CAPULÍN,361 - Porfirio Díaz-Capulín,S/N,1,Noche Buena,Benito Juárez,,354,19.380709,-99.17508,BIKE,369,370,,,,"19.380709, -99.17508"
362,362 AUGUSTO RODIN-ALBERTO BALDERAS,362 - Augusto Rodin-Alberto Balderas,S/N,CDD,Ciudad de los Deportes,Benito Juárez,,367,19.382207,-99.181043,BIKE,368,,,,,"19.382207, -99.181043"
363,363 HOLBEIN-PAULO UCELLO,363 - Holbein-Paulo Ucello,S/N,CDD,Ciudad de los Deportes,Benito Juárez,,362,19.380813,-99.183851,BIKE,365,367,,,,"19.380813, -99.183851"
364,364 BOTICHELLI-CDA. DE GIORGONE,364 - Botichelli-Cda. De Giorgone,S/N,SMN,Nonoalco,Benito Juárez,,351,19.383063,-99.185858,BIKE,352,365,,,,"19.383063, -99.185858"
365,365 HOLBEIN-AVENIDA REVOLUCIÓN,365 - Holbein-Avenida Revolución,S/N,SMN,Nonoalco,Benito Juárez,,352,19.381117,-99.186687,BIKE,363,364,,,,"19.381117, -99.186687"
366,366 PORFIRIO DÍAZ-AUGUSTO RODÍN,366 - Porfirio Díaz-Augusto Rodín,S/N,EXI,Extremadura Insurgentes,Benito Juárez,,362,19.378345,-99.181973,BIKE,367,368,,,,"19.378345, -99.181973"
367,367 BOSTON -AUGUSTO RODÍN,367 - Boston -Augusto Rodín,S/N,NBU,Noche Buena,Benito Juárez,,362,19.37946,-99.181632,BIKE,363,366,,,,"19.37946, -99.181632"
368,368 PORFIRIO DÍAZ-CINCINATTI,368 - Porfirio Díaz-Cincinatti,S/N,1,Noche Buena,Benito Juárez,,366,19.379246,-99.179344,BIKE,367,369,,,,"19.379246, -99.179344"
369,369 PORFIRIO DÍAZ-AV. INSURGENTES,369 - Porfirio Díaz-Av. Insurgentes,S/N,1,Noche Buena,Benito Juárez,,367,19.379884,-99.177478,"BIKE,TPV",368,,,,,"19.379884, -99.177478"
370,370 TLACOQUEMECATL-AV. INSURGENTES,370 - Tlacoquemecatl-Av. Insurgentes,S/N,TLA,Tlacoquemecatl,Benito Juárez,,361,19.378818,-99.177054,BIKE,369,371,,,,"19.378818, -99.177054"
371,371 TLACOQUEMECATL-CAPULIN,371 - Tlacoquemecatl-Capulin,S/N,TLA,Tlacoquemecatl,Benito Juárez,,361,19.378542,-99.174328,BIKE,369,370,,,,"19.378542, -99.174328"
372,372 DR. ROBERTO GAYOL-TLACOQUEMECATL,372 - Dr. Roberto Gayol-Tlacoquemecatl,S/N,1,Del Valle Sur,Benito Juárez,,373,19.37797,-99.170289,"BIKE,TPV",378,379,,,,"19.37797, -99.170289"
373,373 PILARES-GABRIEL MANCERA,373 - Pilares-Gabriel Mancera,S/N,DVC,Del Valle Centro,Benito Juárez,,357,19.377968,-99.166663,BIKE,372,378,,,,"19.377968, -99.166663"
374,374 PITÁGORAS-PILARES,374 - Anaxágoras-Pilares,S/N,DVC,Del Valle Centro,Benito Juárez,,359,19.376964,-99.161116,"BIKE,TPV",375,376,,,,"19.376964, -99.161116"
375,375 TENAYUCA-DIVISIÓN DEL NORTE,375 - Tenayuca-División Del Norte,S/N,LEV,Letran Valle,Benito Juárez,,359,19.376865,-99.158818,BIKE,374,376,,,,"19.376865, -99.158818"
376,376 PITÁGORAS-AV. UNIVERSIDAD,376 - Pitágoras-Av. Universidad,S/N,LEV,Letran Valle,Benito Juárez,,374,19.375442,-99.161595,BIKE,375,377,,,,"19.375442, -99.161595"
377,377 HERIBERTO FRÍAS-MIGUEL LAURENT,377 - Heriberto Frías-Miguel Laurent,S/N,DVS,Del Valle Sur,Benito Juárez,,373,19.375394,-99.16375,BIKE,376,400,,,,"19.375394, -99.16375"
378,378 MIGUEL LAURENT-AMORES,378 - Miguel Laurent-Amores,S/N,DVS,Del Valle Sur,Benito Juárez,,372,19.375823,-99.168076,BIKE,373,379,,,,"19.375823, -99.168076"
379,379 DR. ROBERTO GAYOL-MIGUEL LAURENT,379 - Dr. Roberto Gayol-Miguel Laurent,S/N,1,Del Valle Sur,Benito Juárez,,378,19.375751,-99.17084,BIKE,380,395,,,,"19.375751, -99.17084"
380,380 MORAS-SAN LORENZO,380 - Moras-San Lorenzo,S/N,TLA,Tlacoquemecatl,Benito Juárez,,392,19.374876,-99.173512,BIKE,393,394,,,,"19.374876, -99.173512"
381,381 SAN LORENZO-MANZANAS,381 - San Lorenzo-Manzanas,S/N,TLA,Tlacoquemecatl,Benito Juárez,,382,19.375541,-99.177894,BIKE,387,389,,,,"19.375541, -99.177894"
382,382 SAN LORENZO-AV. INSURGENTES,382 - San Lorenzo-Av. Insurgentes,S/N,TLA,Tlacoquemecatl,Benito Juárez,,381,19.375591,-99.178084,BIKE,387,389,,,,"19.375591, -99.178084"
383,383 LUIS CARACCI-2DA. LUIS CARACCI,383 - Luis Caracci-2da. Luis Caracci,S/N,EXI,Extremadura Insurgentes,Benito Juárez,,366,19.375764,-99.181527,BIKE,382,387,,,,"19.375764, -99.181527"
384,384 EMPRESA-POUSSIN,384 - Empresa-Poussin,S/N,INM,Insurgentes Mixcoac,Benito Juárez,,385,19.375873,-99.185583,BIKE,386,417,,,,"19.375873, -99.185583"
385,385 POUSSIN-EMPRESA,385 - Poussin-Empresa,S/N,INM,Insurgentes Mixcoac,Benito Juárez,,384,19.375651,-99.18558,"BIKE,TPV",386,417,,,,"19.375651, -99.18558"
386,386 POUSSIN-DONATELLO,386 - Poussin-Donatello,S/N,INM,Insurgentes Mixcoac,Benito Juárez,,384,19.37484,-99.185846,BIKE,385,417,,,,"19.37484, -99.185846"
387,387 CADIZ-EMPRESA,387 - Cadiz-Empresa,S/N,INM,Insurgentes Mixcoac,Benito Juárez,,381,19.37455556,-99.18050556,BIKE,382,383,,,,"19.37455556, -99.1805055556"
388,388 VALENCIA-MALAGA,388 - Valencia-Malaga,S/N,INM,Insurgentes Mixcoac,Benito Juárez,,387,19.373038,-99.181355,BIKE,389,390,,,,"19.373038, -99.181355"
389,389 SANTANDER-FELIX CUEVAS,389 - Santander-Felix Cuevas,S/N,INM,Insurgentes Mixcoac,Benito Juárez,,388,19.373528,-99.179356,BIKE,390,391,,,,"19.373528, -99.179356"
390,390 OSO-FELIX CUEVAS,390 - Oso-Felix Cuevas,S/N,DVS,Del Valle Sur,Benito Juárez,,389,19.373228,-99.17826,"BIKE,TPV",391,416,,,,"19.373228, -99.17826"
391,E391 OSO-FELIX CUEVAS,391 - Oso-Felix Cuevas,S/N,DVS,Del Valle Sur,Benito Juárez,,390,19.373142,-99.178283,ELECTRIC_BIKE,416,434,,,,"19.373142, -99.178283"
392,392 PATRICIO SANZ-FELIX CUEVAS,392 - Patricio Sanz-Felix Cuevas,S/N,TLA,Tlacoquemecatl,Benito Juárez,,380,19.3730067,-99.1747749,BIKE,393,394,,,,"19.3730067, -99.1747749"
393,393 ADOLFO PRIETO-FELIX CUEVAS,393 - Adolfo Prieto-Felix Cuevas,S/N,TLA,Tlacoquemecatl,Benito Juárez,,380,19.372796,-99.172558,"BIKE,TPV",392,394,,,,"19.372796, -99.172558"
394,394 DR. ROBERTO GAYOL-FELIX CUEVAS,394 - Dr. Roberto Gayol-Felix Cuevas,S/N,DVS,Del Valle Sur,Benito Juárez,,393,19.372437,-99.171592,BIKE,395,396,,,,"19.372437, -99.171592"
395,395 SAN LORENZO-CALLEJÓN MARTÍN MENLALDE,395 - San Lorenzo-Callejón Martín Menlalde,S/N,DVS,Del Valle Sur,Benito Juárez,,379,19.373742,-99.169814,BIKE,394,396,,,,"19.373742, -99.169814"
396,396 MARTÍN MENLALDE-FELIX CUEVAS,396 - Martín Menlalde-Felix Cuevas,S/N,DVS,Del Valle Sur,Benito Juárez,,394,19.371554,-99.170187,BIKE,395,413,,,,"19.371554, -99.170187"
397,397 SAN LORENZO-GABRIEL MANCERA,397 - San Lorenzo-Gabriel Mancera,S/N,DVS,Del Valle Sur,Benito Juárez,,398,19.373194,-99.167247,BIKE,399,400,,,,"19.373194, -99.167247"
398,398 SANCHEZ AZCONA-FELIX CUEVAS,398 - Sanchez Azcona-Felix Cuevas,S/N,DVS,Del Valle Sur,Benito Juárez,,397,19.37103,-99.16566,BIKE,399,400,,,,"19.37103, -99.16566"
399,399 HERIBERTO FRÍAS-SAN LORENZO,399 - Heriberto Frías-San Lorenzo,S/N,DVS,Del Valle Sur,Benito Juárez,,397,19.372407,-99.164519,BIKE,398,400,,,,"19.372407, -99.164519"
400,400 SAN LORENZO-HERIBERTO FRIAS,400 - San Lorenzo-Heriberto Frias,S/N,DVS,Del Valle Sur,Benito Juárez,,397,19.3726458,-99.1642743,BIKE,398,399,,,,"19.3726458, -99.1642743"
401,401 SAN LORENZO-AVENIDA CUAUHTEMOC,401 - San Lorenzo-Avenida Cuauhtemoc,S/N,SCA,Santa Cruz Atoyac,Benito Juárez,,400,19.372147,-99.16158,BIKE,402,403,,,,"19.372147, -99.16158"
402,402 UXMAL-MUNICIPIO LIBRE,402 - Uxmal-Municipio Libre,S/N,1,Santa Cruz Atoyac,Benito Juárez,,401,19.3709452,-99.1587223,"BIKE,TPV",403,405,,,,"19.3709452, -99.1587223"
403,403 UXMAL-MUNICIPIO LIBRE,403 - Uxmal-Municipio Libre,S/N,SCA,Santa Cruz Atoyac,Benito Juárez,,401,19.371371,-99.158639,BIKE,402,405,,,,"19.371371, -99.158639"
404,404 MIGUEL LAURENT-AVENIDA DIVISIÓN DEL NORTE,404 - Miguel Laurent-Avenida División Del Norte,S/N,LEV,Letran Valle,Benito Juárez,,402,19.373813,-99.157387,BIKE,403,405,,,,"19.373813, -99.157387"
405,405 DIVISIÓN DEL NORTE-MUNICIPIO LIBRE,405 - División Del Norte-Municipio Libre,S/N,PON,Portales Norte,Benito Juárez,,402,19.370619,-99.156626,BIKE,403,404,,,,"19.370619, -99.156626"
406,406 PARROQUIA AV. MEXICO-COYOACAN,406 - Parroquia Av. Mexico-Coyoacan,S/N,SCA,Santa Cruz Atoyac,Benito Juárez,,402,19.367831,-99.163261,BIKE,407,411,,,,"19.367831, -99.163261"
407,407 PROL. XOCHICALCO-GENERAL EMILIANO ZAPATA,407 - Prolongación Xochicalco-General Emiliano Zapat,S/N,REE,Residencial Emperadores,Benito Juárez,,406,19.367294,-99.158694,BIKE,408,410,,,,"19.367294, -99.158694"
408,408 PROLONGACIÓN PETÉN-GENERAL EMILIANO ZAPATA,408 - Prolongación Petén-General Emiliano Zapata,S/N,REE,Residencial Emperadores,Benito Juárez,,407,19.36677,-99.156843,BIKE,409,410,,,,"19.36677, -99.156843"
409,409 AZORES-DIVISIÓN DEL NORTE,409 - Azores-División Del Norte,S/N,SCA,Santa Cruz Atoyac,Benito Juárez,,408,19.365102,-99.155499,BIKE,410,430,,,,"19.365102, -99.155499"
410,410 PROLONGACIÓN TAJÍN-PROLONGACIÓN REPÚBLICAS,410 - Prolongación Tajín-Prolongación Repúblicas,S/N,SCA,Santa Cruz Atoyac,Benito Juárez,,407,19.36564,-99.158063,BIKE,408,409,,,,"19.36564, -99.158063"
411,411 PARROQUIA-AVENIDA MÉXICO-COYOACAN,411 - Parroquia-Avenida México-Coyoacan,S/N,SCA,Santa Cruz Atoyac,Benito Juárez,,412,19.367864,-99.163626,BIKE,425,427,,,,"19.367864, -99.163626"
412,412 PARROQUIA-AVENIDA UNIVERSIDAD,412 - Parroquia-Avenida Universidad,S/N,SCA,Santa Cruz Atoyac,Benito Juárez,,411,19.3684182,-99.1654145,"BIKE,TPV",425,426,,,,"19.3684182, -99.1654145"
413,413 PARROQUIA-AVENIDA COYOACÁN,413 - Parroquia-Avenida Coyoacán,S/N,DVS,Del Valle Sur,Benito Juárez,,396,19.369782,-99.171906,BIKE,414,424,,,,"19.369782, -99.171906"
414,414 PARROQUIA-JOSÉ IGNACIO BARTOLACHE,414 - Parroquia-José Ignacio Bartolache,S/N,DVS,Del Valle Sur,Benito Juárez,,413,19.370187,-99.173712,BIKE,415,423,,,,"19.370187, -99.173712"
415,415 SAN FRANCISCO-PARROQUÍA,415 - San Francisco-Parroquía,S/N,DVS,Del Valle Sur,Benito Juárez,,391,19.371498,-99.17602,BIKE,414,416,,,,"19.371498, -99.17602"
416,416 RECREO-PARROQUÍA,416 - Recreo-Parroquía,S/N,1,Del Valle Sur,Benito Juárez,,390,19.371308,-99.177607,BIKE,391,415,,,,"19.371308, -99.177607"
417,417 GOYA-AUGUSTO RODÍN,417 - Goya-Augusto Rodín,S/N,INM,Insurgentes Mixcoac,Benito Juárez,,384,19.373262,-99.184333,"BIKE,TPV",385,386,,,,"19.373262, -99.184333"
418,418 GALICIA-ACTIPAN,418 - Galicia-Actipan,S/N,INM,Insurgentes Mixcoac,Benito Juárez,,388,19.371152,-99.183034,BIKE,417,419,,,,"19.371152, -99.183034"
419,419 ACTIPAN-CADIZ,419 - Actipan-Cadiz,S/N,INM,Insurgentes Mixcoac,Benito Juárez,,418,19.370606,-99.181502,BIKE,420,421,,,,"19.370606, -99.181502"
420,420 MARÍA LUZ BRINGAS-OSO,420 - María Luz Bringas-Oso,S/N,ACT,Actipan,Benito Juárez,,418,19.369723,-99.17964,BIKE,419,421,,,,"19.369723, -99.17964"
421,421 MARÍA LUZ BRINGAS-OSO,421 - María Luz Bringas-Oso,S/N,ACT,Actipan,Benito Juárez,,419,19.369467,-99.179401,BIKE,420,422,,,,"19.369467, -99.179401"
422,422 BUFALO-JOSÉ MARÍA RICO (EJE 8),422 - Bufalo-José María Rico (Eje 8),S/N,ACT,Actipan,Benito Juárez,,421,19.368356,-99.177487,BIKE,423,436,,,,"19.368356, -99.177487"
423,423 MORAS-JOSÉ MARÍA RICO (EJE 8),423 - Moras-José María Rico (Eje 8),S/N,ACA,Acacias,Benito Juárez,,422,19.367631,-99.175342,BIKE,436,437,,,,"19.367631, -99.175342"
424,424 AMORES-JOSÉ MARÍA RICO (EJE 8),424 - Amores-José María Rico (Eje 8),S/N,DVS,Del Valle Sur,Benito Juárez,,413,19.367208,-99.170531,BIKE,425,435,,,,"19.367208, -99.170531"
425,425 NICOLAS SAN JUAN-AVENIDA UNIVERSIDAD,425 - Nicolas San Juan-Avenida Universidad,S/N,DVS,Del Valle Sur,Benito Juárez,,411,19.367087,-99.16741,BIKE,412,426,,,,"19.367087, -99.16741"
426,426 CERRADA DE POPOCATEPETL-AV. POPOCATEPETL (EJE,426 - Cerrada De Popocatepetl-Av. Popocatepetl (Eje,S/N,XOC,Xoco,Benito Juárez,,411,19.365519,-99.166017,BIKE,412,425,,,,"19.365519, -99.166017"
427,427 AVENIDA MÉXICO-COYOACAN-AV. POPOCATEPETL (EJE,427 - Avenida México-Coyoacan-Av. Popocatepetl (Eje,S/N,SCA,Santa Cruz Atoyac,Benito Juárez,,411,19.365023,-99.162993,BIKE,412,426,,,,"19.365023, -99.162993"
428,428 PROLONGACIÓN UXMAL-AV. POPOCATEPETL (EJE 8),428 - Prolongación Uxmal-Av. Popocatepetl (Eje 8),S/N,GPM,General Pedro Maria Anaya,Benito Juárez,,427,19.363418,-99.160353,BIKE,430,431,,,,"19.363418, -99.160353"
429,429 PIRINEOS-AV. POPOCATEPETL (EJE 8),429 - Pirineos-Av. Popocatepetl (Eje 8),S/N,SCA,Santa Cruz Atoyac,Benito Juárez,,428,19.363071,-99.158292,BIKE,430,431,,,,"19.363071, -99.158292"
430,430 TRIPOLI-AV. POPOCATEPETL (EJE 8),430 - Tripoli-Av. Popocatepetl (Eje 8),S/N,SCA,Santa Cruz Atoyac,Benito Juárez,,409,19.362139,-99.154974,BIKE,429,431,,,,"19.362139, -99.154974"
431,431 BRUNO TRAVEN-PAZ MONTES DE OCA,431 - Bruno Traven-Paz Montes De Oca,S/N,GPM,General Pedro Maria Anaya,Benito Juárez,,428,19.36145,-99.15822,BIKE,429,430,,,,"19.36145, -99.15822"
432,432 CARRILLO PUERTO-AV. MÉXICO-COYOACÁN,432 - Carrillo Pto-Golondrinas,S/N,GPM,General Pedro Maria Anaya,Benito Juárez,,442,19.361296,-99.162581,BIKE,443,444,,,,"19.361296, -99.162581"
433,433 JOSE MARÍA OLLOQUI-LOPÉZ COSTILLA,433 - Jose María Olloqui-Lopéz Costilla,S/N,DVS,Del Valle Sur,Benito Juárez,,434,19.363558,-99.170819,BIKE,435,439,,,,"19.363558, -99.170819"
434,E434 JOSE MARÍA OLLOQUI-AMORES,434 - Jose María Olloqui-Amores,S/N,DVS,Del Valle Sur,Benito Juárez,,391,19.363741,-99.171268,ELECTRIC_BIKE,433,435,,,,"19.363741, -99.171268"
435,435 RODRIGUEZ SARO-AVENIDA COYOACÁN,435 - Rodriguez Saro-Avenida Coyoacán,S/N,ACT,Actipan,Benito Juárez,,433,19.365154,-99.172906,BIKE,434,438,,,,"19.365154, -99.172906"
436,436 RODRIGUEZ SARO-BUFALLO,436 - Rodriguez Saro-Bufallo,S/N,ACA,Acacias,Benito Juárez,,422,19.366217,-99.177819,BIKE,423,437,,,,"19.366217, -99.177819"
437,437 MORAS-COMUNAL,437 - Moras-Comunal,S/N,1,Del Valle Sur,Benito Juárez,,423,19.36480833,-99.17602222,BIKE,436,438,,,,"19.36480833, -99.17602222"
438,438 ADOLFO PRIETO-JOSÉ MARÍA OLLOQUI,438 - Adolfo Prieto-José María Olloqui,S/N,1,Del Valle Sur,Benito Juárez,,434,19.36479722,-99.17458333,BIKE,435,437,,,,"19.36479722, -99.17458333"
439,439 AMORES-AVENIDA COYOACÁN,439 - Amores-Avenida Coyoacán,S/N,ACA,Acacias,Benito Juárez,,433,19.36218889,-99.17246667,BIKE,434,438,,,,"19.36218889, -99.17246667"
440,440 REAL DE MAYORAZGO-PUENTE XOCO,440 - Real De Mayorazgo-Puente Xoco,S/N,1,Xoco,Benito Juárez,,433,19.36065,-99.168669,BIKE,439,441,,,,"19.36065, -99.168669"
441,441 PUENTE XOCO-REAL DE MAYORAZGO,441 - Puente Xoco-Real De Mayorazgo,S/N,XOC,Xoco,Benito Juárez,,433,19.361215,-99.167527,BIKE,440,442,,,,"19.361215, -99.167527"
442,442 REAL DE MAYORAZGO-AVENIDA MÉXICO-COYOACAN,442 - Real De Mayorazgo-Avenida México-Coyoacan,S/N,XOC,Xoco,Benito Juárez,,432,19.359905,-99.1653,"BIKE,TPV",443,444,,,,"19.359905, -99.1653"
443,443 BRUNO TRAVEN-GOLONDRINAS,443 - Bruno Trave-Avenida México-Coyoacan,S/N,1,General Pedro Maria Anaya,Benito Juárez,,432,19.359655,-99.162025,BIKE,442,444,,,,"19.359655, -99.162025"
444,444 GENERAL MANUEL RINCÓN-AGUSTÍN GUTIERREZ,444 - General Manuel Rincón-Agustín Gutierrez,S/N,GPM,General Pedro Maria Anaya,Benito Juárez,,431,19.359384,-99.159425,BIKE,432,443,,,,"19.359384, -99.159425"
445,E445 RIFF-AVENIDA RIO CHURUBUSCO,445 - Riff-Avenida Rio Churubusco,S/N,GPM,General Pedro Maria Anaya,Benito Juárez,,431,19.35827,-99.156105,ELECTRIC_BIKE,434,446,,,,"19.35827, -99.156105"
446,446 RIFF-AVENIDA RIO CHURUBUSCO,446 - Riff-Avenida Rio Churubusco,S/N,GPM,General Pedro Maria Anaya,Benito Juárez,,431,19.3586,-99.156101,"BIKE,TPV",444,,,,,"19.3586, -99.156101"
447,447 AGUSTÍN MELGAR-ZAMORA,447 AGUSTÍN MELGAR-ZAMORA,S/N,JUA,Juárez,Cuauhtémoc,,447,19.418858,-99.176776,BIKE,,,,,,"19.418858, -99.176776"
448,448 DR. ANDRADE - ARCOS DE BELÉN,DR. ANDRADE ARCOS DE BELÉN,S/N,,Doctores,Cuauhtémoc,,448,19.426611,-99.14447,"BIKE,TPV",,,,,,"19.426611, -99.14447"
449,E449 ACAPULCO-PUEBLA,449 ACAPULCO-PUEBLA,S/N,JUA,Juárez,Cuauhtémoc,,33,19.42018,-99.174393,ELECTRIC_BIKE,36,37,139,,,"19.42018, -99.174393"
450,450 RAMOS ARIZPE-PUENTE DE ALVARADO,450 RAMOS ARIZPE-PUENTE DE ALVARADO,S/N,TAB,Tabacalera,Cuauhtémoc,,450,19.43836,-99.152226,BIKE,,,,,,"19.43836, -99.152226"
451,451 CAMPOS ELÍSEOS-GOLDSMITH,451 CAMPOS ELÍSEOS-GOLDSMITH,S/N,POL,Polanco,Miguel Hidalgo,,451,19.42902,-99.201322,BIKE,,,,,,"19.42902, -99.201322"
452,452 LEIBNITZ-AV. EJERCITO NACIONAL,452 LEIBNITZ-AV. EJERCITO NACIONAL,S/N,2,Anzures,Miguel Hidalgo,,452,19.435031,-99.179838,BIKE,,,,,,"19.435031, -99.179838"
453,453 PEDREGAL-TEAPA,453 PEDREGAL-TEAPA,S/N,MDR,Molino del Rey,Miguel Hidalgo,,455,19.424842,-99.203739,BIKE,456,458,,,,"19.424842, -99.203739"
454,E454 MONTES URALES-MONTE PELVOUX,454 MONTES URALES-MONTE PELVOUX,S/N,LMV,Lomas Virreyes,Miguel Hidalgo,,453,19.425905,-99.204236,ELECTRIC_BIKE,455,456,457,458,459,"19.425905, -99.204236"
455,455 PEDREGAL-FERROCARRIL DE CUERNAVACA,455 PEDREGAL-FERROCARRIL DE CUERNAVACA,S/N,LMV,Lomas Virreyes,Miguel Hidalgo,,453,19.426308,-99.203302,BIKE,456,458,,,,"19.426308, -99.203302"
456,456 ALPES-MONTES ESCANDINAVOS,456 ALPES-MONTES ESCANDINAVOS,S/N,LCH,Lomas de Chapultepec Sección V,Miguel Hidalgo,,453,19.427517,-99.208412,BIKE,455,458,,,,"19.427517, -99.208412"
457,E457 AV. PRADO NORTE-EXPLANADA,457 AV. PRADO NORTE-EXPLANADA,S/N,LCH,Lomas de Chapultepec Sección V,Miguel Hidalgo,,454,19.42703,-99.212845,ELECTRIC_BIKE,456,459,,,,"19.42703, -99.212845"
458,458 MONTES URALES-VOLCÁN,458 MONTES URALES-VOLCÁN,S/N,LCI,Lomas de Chapultepec Sección III,Miguel Hidalgo,,453,19.428679,-99.206605,BIKE,455,456,,,,"19.428679, -99.206605"
459,E459 VOLCÁN-MONTES URALES,459 VOLCÁN-MONTES URALES,S/N,LCI,Lomas de Chapultepec Sección III,Miguel Hidalgo,,454,19.429243,-99.207267,ELECTRIC_BIKE,457,458,,,,"19.429243, -99.207267"
460,460 JUAN VÁZQUEZ DE MELLA-HOMERO,460 JUAN VÁZQUEZ DE MELLA-HOMERO,S/R,POL,Polanco,Miguel Hidalgo,,198,19.437014,-99.207932,BIKE,209,240,,,,"19.437014, -99.207932"
461,461 PRESA DON MARTÍN-BOULEVARD MIGUEL DE CERVANTES,461 PRESA DON MARTÍN-BOULEVARD MIGUEL DE CERVANTES,S/N,IRR,Irrigación,Miguel Hidalgo,,197,19.440106,-99.210031,BIKE,240,460,,,,"19.440106, -99.210031"
462,462 PRESA FALCÓN-DANXHÓ,462 PRESA FALCÓN-DANXHÓ,S/N,IRR,Irrigación,Miguel Hidalgo,,197,19.442338,-99.205198,BIKE,240,463,,,,"19.442338, -99.205198"
463,463 LAGO ANDRÓMACO-LAGO ZURICH,463 LAGO ANDRÓMACO-LAGO ZURICH,S/N,1,Granada,Miguel Hidalgo,,197,19.442338,-99.202492,BIKE,242,462,,,,"19.442338, -99.202492"
464,E464 MATEO ALEMÁN-PROLONGACIÓN MOLIERE,464 MATEO ALEMÁN-PROLONGACIÓN MOLIERE,S/N,AMG,Granada,Miguel Hidalgo,,241,19.442421,-99.199838,ELECTRIC_BIKE,242,463,467,,,"19.442421, -99.199838"
465,465 LAGUNA DE GINEBRA-LAGO WETTER,465 LAGUNA DE GINEBRA-LAGO WETTER,S/N,CUP,Cuauhtémoc Pensil,Miguel Hidalgo,,243,19.445039,-99.194078,BIKE,244,466,,,,"19.445039, -99.194078"
466,466  LAGO ONEGA-LAGO LADOGA,466  LAGO ONEGA-LAGO LADOGA,S/N,ANH,Anáhuac Dos Lagos,Miguel Hidalgo,,243,19.44269,-99.19083,BIKE,244,465,,,,"19.44269, -99.19083"
467,E467  LAGO MAYOR-LAGO ALBERTO,467  LAGO MAYOR-LAGO ALBERTO,S/N,GRA,Granada,Miguel Hidalgo,,464,19.440399,-99.186784,ELECTRIC_BIKE,472,479,,,,"19.440399, -99.186784"
468,468 LAGO XOCHIMILCO-AV. EJÉRCITO NACIONAL,468 LAGO XOCHIMILCO-AV. EJÉRCITO NACIONAL,S/N,ANI,Anáhuac I,Miguel Hidalgo,,452,19.434183,-99.173089,BIKE,474,475,,,,"19.434183, -99.173089"
469,E469 BAHÍA DE LA CONCEPCIÓN-BAHÍA DE TODOS LOS SAN,469BAHÍA DELA CONCEPCIÓN-BAHÍA DE TODOS LOS SANTOS,S/N,2,Anzures,Miguel Hidalgo,,247,19.434183,-99.173089,ELECTRIC_BIKE,470,472,,,,"19.434183, -99.173089"
470,470 BAHÍA DE LAS PALMAS-BAHÍA DE TODOS LOS SANTOS,470 BAHÍA DE LAS PALMAS-BAHÍA DE TODOS LOS SANTOS,S/N,2,Anzures,Miguel Hidalgo,,471,19.435039,-99.173879,BIKE,473,,,,,"19.435039, -99.173879"
471,471 BAHÍA DE CHACHALACAS-BAHÍA SANTA BÁRBARA,471 BAHÍA DE CHACHALACAS-BAHÍA SANTA BÁRBARA,S/N,2,Anzures,Miguel Hidalgo,,470,19.436287,-99.174888,BIKE,473,474,,,,"19.436287, -99.174888"
472,E472 BAHÍA SANTA BÁRBARA-BAHÍA DE BALLENAS,472 BAHÍA SANTA BÁRBARA-BAHÍA DE BALLENAS,S/N,2,Anzures,Miguel Hidalgo,,247,19.437667,-99.17711,ELECTRIC_BIKE,469,471,473,474,479,"19.437667, -99.17711"
473,473 BAHÍA DEL ESPÍRITU SANTO-BAHÍA DE BANDERAS,473 BAHÍA DEL ESPÍRITU SANTO-BAHÍA DE BANDERAS,S/N,2,Anzures,Miguel Hidalgo,,471,19.438143,-99.17519,"BIKE,TPV",474,478,,,,"19.438143, -99.17519"
474,474 BAHÍA DE SAN HIPÓLITO-BAHÍA DEL ESPÍRITU SANTO,474 BAHÍA DE SAN HIPÓLITO-BAHÍA DEL ESPÍRITU SANTO,S/N,ANI,Anáhuac I,Miguel Hidalgo,,473,19.438984,-99.177549,BIKE,475,478,,,,"19.438984, -99.177549"
475,475 LAGO MURITZ-LAGO ALBERTO,475 LAGO MURITZ-LAGO ALBERTO,S/N,ANI,Anáhuac I,Miguel Hidalgo,,468,19.439249,-99.181065,BIKE,474,477,,,,"19.439249, -99.181065"
476,476 LAGO COMO-LAGUNA DE MAYRÁN,476 LAGO COMO-LAGUNA DE MAYRÁN,S/N,GRA,Granada,Miguel Hidalgo,,475,19.442127,-99.184433,"BIKE,TPV",477,,,,,"19.442127, -99.184433"
477,477 LAGO ISEO-LAGUNA DE MAYRÁN,477 LAGO ISEO-LAGUNA DE MAYRÁN,S/N,ANI,Anáhuac I,Miguel Hidalgo,,475,19.440905,-99.181743,BIKE,476,478,,,,"19.440905, -99.181743"
478,478 LAGUNA DE MAYRÁN-LAGO CHALCO,478 LAGUNA DE MAYRÁN-LAGO CHALCO,S/N,ANI,Anáhuac I,Miguel Hidalgo,,473,19.440818,-99.176961,BIKE,474,477,,,,"19.440818, -99.176961"
479,E479 LAGO MURITZ-AV. MARINA NACIONAL,479 LAGO MURITZ-AV.MARINA NACIONAL,S/N,AME,Anáhuac Mariano Escobedo,Miguel Hidalgo,,467,19.444433,-99.179664,ELECTRIC_BIKE,469,472,476,477,478,"19.444433, -99.179664"
480,480 LAGO ISEO-AV. MARINA NACIONAL,480 LAGO ISEO-AV. MARINA NACIONAL,S/N,AME,Anáhuac Mariano Escobedo,Miguel Hidalgo,,476,19.446073,-99.181654,BIKE,477,478,,,,"19.446073, -99.181654"
